Track ID,Entry Time,Waiting Start,Waiting End,Reception Start,Reception End,Dining Start,Dining End,Exit Time,Visit Duration,Role
3442,450.45,0.0,0.0,0.0,0.0,450.45,560.26,,143.94,Customer
3638,478.778,0.0,0.0,0.0,0.0,478.778,0.0,,115.62,Customer
3722,489.489,0.0,0.0,0.0,0.0,489.489,0.0,,104.9,Customer
3945,519.719,0.0,0.0,0.0,0.0,0.0,0.0,,74.67,Customer
4062,540.44,0.0,0.0,0.0,0.0,540.44,0.0,,53.95,Customer
4172,561.261,0.0,0.0,0.0,0.0,561.461,562.362,,33.13,Customer
4245,570.27,0.0,0.0,0.0,0.0,570.27,0.0,,24.12,Customer
4298,583.483,0.0,0.0,0.0,0.0,583.483,0.0,,10.91,Customer
4322,590.89,0.0,0.0,0.0,0.0,0.0,0.0,,3.5,Customer
4339,593.693,0.0,0.0,0.0,0.0,0.0,0.0,,0.7,Customer
4342,594.094,0.0,0.0,0.0,0.0,594.094,0.0,,0.0,Customer
6,1.502,0.0,0.0,0.0,0.0,1.502,4.605,4.605,2.0,Customer
17,2.703,0.0,0.0,0.0,0.0,2.703,4.705,4.705,0.9,Customer
1,0.2,0.0,0.0,0.0,0.0,0.2,5.506,5.506,4.2,Customer
42,5.205,0.0,0.0,0.0,0.0,5.205,6.506,6.506,0.2,Customer
9,2.002,0.0,0.0,0.0,0.0,2.002,2.903,7.407,4.3,Customer
44,6.607,0.0,0.0,0.0,0.0,6.607,8.408,8.408,0.7,Customer
66,7.808,0.0,0.0,0.0,0.0,7.808,9.209,9.209,0.3,Customer
22,3.303,0.0,0.0,0.0,0.0,3.303,9.51,9.51,5.11,Customer
24,3.303,0.0,0.0,0.0,0.0,3.303,11.411,11.411,7.01,Customer
36,4.505,0.0,0.0,0.0,0.0,7.908,11.912,11.912,6.31,Customer
78,8.909,0.0,0.0,0.0,0.0,8.909,12.513,12.513,2.5,Customer
14,2.703,0.0,0.0,0.0,0.0,2.703,13.614,13.614,9.81,Customer
50,6.707,0.0,0.0,0.0,0.0,6.707,14.014,14.014,6.21,Customer
49,6.707,0.0,0.0,0.0,0.0,9.409,14.615,14.615,6.81,Customer
123,14.014,0.0,0.0,0.0,0.0,14.014,15.515,15.515,0.4,Customer
77,9.61,0.0,0.0,0.0,0.0,9.61,15.616,15.616,4.9,Customer
93,11.612,0.0,0.0,0.0,0.0,11.612,15.716,15.716,3.0,Customer
131,14.815,0.0,0.0,0.0,0.0,14.815,16.617,16.617,0.7,Customer
90,11.011,0.0,0.0,0.0,0.0,11.011,17.117,17.117,5.01,Customer
127,14.414,0.0,0.0,0.0,0.0,14.414,17.417,17.417,1.9,Customer
162,18.018,0.0,0.0,0.0,0.0,18.018,20.32,20.32,1.2,Customer
117,13.914,0.0,0.0,0.0,0.0,13.914,21.321,21.321,6.31,Customer
173,22.523,0.0,0.0,0.0,0.0,22.523,23.624,23.624,0.0,Customer
156,17.217,0.0,0.0,0.0,0.0,17.217,24.524,24.524,6.21,Customer
130,14.615,0.0,0.0,0.0,0.0,14.615,25.626,25.626,9.91,Customer
176,23.624,0.0,0.0,0.0,0.0,23.624,27.127,27.127,2.4,Customer
118,13.914,0.0,0.0,0.0,0.0,13.914,29.129,29.129,14.11,Customer
33,4.505,0.0,0.0,0.0,0.0,4.505,6.306,29.329,23.72,Staff
190,27.527,0.0,0.0,0.0,0.0,0.0,0.0,29.329,0.7,Customer
178,24.625,0.0,0.0,0.0,0.0,0.0,0.0,30.33,4.6,Staff
188,26.126,0.0,0.0,0.0,0.0,26.126,31.632,31.632,4.4,Customer
209,35.836,0.0,0.0,0.0,0.0,35.836,37.738,37.738,0.8,Customer
210,37.237,0.0,0.0,0.0,0.0,37.237,38.939,38.939,0.6,Customer
212,38.438,0.0,0.0,0.0,0.0,0.0,0.0,40.941,1.4,Customer
224,41.441,0.0,0.0,0.0,0.0,0.0,0.0,42.743,0.2,Customer
231,42.643,0.0,0.0,0.0,0.0,42.643,44.645,44.645,0.9,Customer
243,45.045,0.0,0.0,0.0,0.0,0.0,0.0,46.747,0.6,Customer
245,45.846,0.0,0.0,0.0,0.0,0.0,0.0,47.147,0.2,Customer
252,48.148,0.0,0.0,0.0,0.0,0.0,0.0,50.05,0.8,Customer
265,52.553,0.0,0.0,0.0,0.0,52.553,57.257,57.257,3.6,Customer
281,59.359,0.0,0.0,0.0,0.0,59.359,60.661,60.661,0.2,Customer
297,60.861,0.0,0.0,0.0,0.0,60.861,63.463,63.463,1.5,Customer
299,61.461,0.0,0.0,0.0,0.0,61.461,64.264,64.264,1.7,Customer
313,64.665,0.0,0.0,0.0,0.0,64.665,67.167,67.167,1.4,Customer
324,66.767,0.0,0.0,0.0,0.0,66.767,67.868,67.868,0.0,Customer
311,64.665,0.0,0.0,0.0,0.0,64.665,68.068,68.068,2.3,Customer
301,67.768,0.0,0.0,0.0,0.0,67.768,69.069,69.069,0.2,Customer
331,68.869,0.0,0.0,0.0,0.0,68.869,70.47,70.47,0.5,Customer
259,51.451,0.0,0.0,0.0,0.0,51.451,72.973,72.973,20.42,Customer
321,65.966,0.0,0.0,0.0,0.0,65.966,73.774,73.774,6.71,Customer
275,55.856,0.0,0.0,0.0,0.0,55.856,75.676,75.676,18.72,Customer
360,74.374,0.0,0.0,0.0,0.0,74.374,76.076,76.076,0.6,Customer
362,76.376,0.0,0.0,0.0,0.0,76.376,78.178,78.178,0.7,Customer
384,78.378,0.0,0.0,0.0,0.0,78.378,79.479,79.479,0.0,Customer
392,78.879,0.0,0.0,0.0,0.0,78.879,79.98,79.98,0.0,Customer
352,72.372,0.0,0.0,0.0,0.0,72.372,81.081,81.081,7.61,Customer
396,80.48,0.0,0.0,0.0,0.0,80.48,81.582,81.582,0.0,Customer
391,79.98,0.0,0.0,0.0,0.0,79.98,83.584,83.584,2.5,Customer
387,78.579,0.0,0.0,0.0,0.0,78.579,84.484,84.484,4.8,Customer
403,82.683,0.0,0.0,0.0,0.0,82.683,84.484,84.484,0.7,Customer
412,86.186,0.0,0.0,0.0,0.0,86.186,88.488,88.488,1.2,Customer
421,94.394,0.0,0.0,0.0,0.0,94.394,96.196,96.196,0.7,Customer
419,94.294,0.0,0.0,0.0,0.0,94.294,97.597,97.597,2.2,Customer
427,96.697,0.0,0.0,0.0,0.0,0.0,0.0,97.798,0.0,Customer
417,96.997,0.0,0.0,0.0,0.0,96.997,98.498,98.498,0.4,Customer
457,101.802,0.0,0.0,0.0,0.0,101.802,103.303,103.303,0.4,Customer
458,102.603,0.0,0.0,0.0,0.0,102.603,106.006,106.006,2.3,Customer
434,98.599,0.0,0.0,0.0,0.0,98.599,106.306,106.306,6.61,Customer
466,106.406,0.0,0.0,0.0,0.0,106.406,108.308,108.308,0.8,Customer
473,107.908,0.0,0.0,0.0,0.0,107.908,109.609,109.609,0.6,Customer
474,108.108,0.0,0.0,0.0,0.0,108.108,110.41,110.41,1.2,Customer
479,108.809,0.0,0.0,0.0,0.0,108.809,110.711,110.711,0.8,Customer
497,110.711,0.0,0.0,0.0,0.0,110.711,112.312,112.312,0.5,Customer
487,110.41,0.0,0.0,0.0,0.0,110.41,113.013,113.013,1.5,Customer
514,114.214,0.0,0.0,0.0,0.0,114.214,116.116,116.116,0.8,Customer
505,112.212,0.0,0.0,0.0,0.0,112.212,118.218,118.218,4.9,Customer
547,117.517,0.0,0.0,0.0,0.0,117.517,118.618,118.618,0.0,Customer
544,117.417,0.0,0.0,0.0,0.0,117.417,118.719,118.719,0.2,Customer
549,118.018,0.0,0.0,0.0,0.0,118.018,119.72,119.72,0.6,Customer
535,116.917,0.0,0.0,0.0,0.0,116.917,119.72,119.72,1.7,Customer
480,108.809,0.0,0.0,0.0,0.0,108.809,121.922,121.922,12.01,Customer
545,119.92,0.0,0.0,0.0,0.0,119.92,122.823,122.823,1.8,Customer
556,119.019,0.0,0.0,0.0,0.0,119.019,124.424,124.424,4.3,Customer
581,123.323,0.0,0.0,0.0,0.0,123.323,124.424,124.424,0.0,Customer
572,122.122,0.0,0.0,0.0,0.0,122.122,124.624,124.624,1.4,Customer
595,124.424,0.0,0.0,0.0,0.0,124.424,125.826,125.826,0.3,Customer
600,125.025,0.0,0.0,0.0,0.0,125.025,126.226,126.226,0.1,Customer
546,117.618,0.0,0.0,0.0,0.0,117.618,128.929,128.929,10.21,Customer
610,125.926,0.0,0.0,0.0,0.0,125.926,129.73,129.73,2.7,Customer
574,123.924,0.0,0.0,0.0,0.0,123.924,129.93,129.93,4.9,Customer
617,127.027,0.0,0.0,0.0,0.0,127.027,131.531,131.531,3.4,Customer
633,130.43,0.0,0.0,0.0,0.0,130.43,131.932,131.932,0.4,Customer
594,124.324,0.0,0.0,0.0,0.0,124.324,132.132,132.132,6.71,Customer
638,132.132,0.0,0.0,0.0,0.0,132.132,133.834,133.834,0.6,Customer
642,132.833,0.0,0.0,0.0,0.0,132.833,134.234,134.234,0.3,Customer
621,127.828,0.0,0.0,0.0,0.0,127.828,128.528,137.838,8.91,Customer
674,136.937,0.0,0.0,0.0,0.0,136.937,138.138,138.138,0.1,Customer
661,136.136,0.0,0.0,0.0,0.0,136.136,138.338,138.338,1.1,Customer
689,138.538,0.0,0.0,0.0,0.0,138.538,140.04,140.04,0.4,Customer
616,127.027,0.0,0.0,0.0,0.0,0.0,0.0,140.641,12.51,Staff
696,140.54,0.0,0.0,0.0,0.0,140.54,142.142,142.142,0.5,Customer
729,142.042,0.0,0.0,0.0,0.0,142.042,143.443,143.443,0.3,Customer
720,141.241,0.0,0.0,0.0,0.0,141.241,143.744,143.744,1.4,Customer
669,136.436,0.0,0.0,0.0,0.0,136.436,144.144,144.144,6.61,Customer
668,136.436,0.0,0.0,0.0,0.0,136.436,145.445,145.445,7.91,Customer
753,145.946,0.0,0.0,0.0,0.0,145.946,147.247,147.247,0.2,Customer
709,140.54,0.0,0.0,0.0,0.0,140.54,147.948,147.948,6.31,Customer
745,147.748,0.0,0.0,0.0,0.0,147.748,148.949,148.949,0.1,Customer
742,143.443,0.0,0.0,0.0,0.0,143.443,150.55,150.55,6.01,Customer
762,148.849,0.0,0.0,0.0,0.0,148.849,150.751,150.751,0.8,Customer
765,148.849,0.0,0.0,0.0,0.0,148.849,150.751,150.751,0.8,Customer
785,152.252,0.0,0.0,0.0,0.0,152.252,153.854,153.854,0.5,Customer
788,152.653,0.0,0.0,0.0,0.0,0.0,0.0,153.954,0.2,Customer
636,131.131,0.0,0.0,0.0,0.0,131.131,154.755,154.755,22.52,Customer
645,133.333,0.0,0.0,0.0,0.0,133.333,134.134,160.16,25.73,Customer
824,158.458,0.0,0.0,0.0,0.0,0.0,0.0,160.761,1.2,Customer
794,153.654,0.0,0.0,0.0,0.0,153.654,154.154,161.361,6.61,Customer
840,161.762,0.0,0.0,0.0,0.0,161.762,163.563,163.563,0.7,Customer
829,159.66,0.0,0.0,0.0,0.0,0.0,0.0,164.765,4.0,Customer
845,162.863,0.0,0.0,0.0,0.0,162.863,164.865,164.865,0.9,Customer
860,164.865,0.0,0.0,0.0,0.0,0.0,0.0,167.067,1.1,Customer
835,160.56,0.0,0.0,0.0,0.0,160.56,168.468,168.468,6.81,Customer
871,166.066,0.0,0.0,0.0,0.0,0.0,0.0,168.568,1.4,Customer
867,166.366,0.0,0.0,0.0,0.0,166.366,168.969,168.969,1.5,Customer
884,167.968,0.0,0.0,0.0,0.0,0.0,0.0,169.469,0.4,Customer
870,166.066,0.0,0.0,0.0,0.0,166.066,169.77,169.77,2.6,Customer
885,168.869,0.0,0.0,0.0,0.0,168.869,169.97,169.97,0.0,Customer
763,147.948,0.0,0.0,0.0,0.0,147.948,157.257,170.47,21.42,Customer
886,168.568,0.0,0.0,0.0,0.0,169.669,171.371,171.371,1.7,Customer
787,152.853,0.0,0.0,0.0,0.0,152.853,171.571,171.571,17.62,Customer
898,170.17,0.0,0.0,0.0,0.0,170.17,171.772,171.772,0.5,Customer
903,170.771,0.0,0.0,0.0,0.0,170.771,172.472,172.472,0.6,Customer
916,172.472,0.0,0.0,0.0,0.0,172.472,174.474,174.474,0.9,Customer
908,171.571,0.0,0.0,0.0,0.0,171.571,176.376,176.376,3.7,Customer
948,175.876,0.0,0.0,0.0,0.0,175.876,177.377,177.377,0.4,Customer
918,172.673,0.0,0.0,0.0,0.0,172.673,177.678,177.678,3.9,Customer
956,176.977,0.0,0.0,0.0,0.0,176.977,178.178,178.178,0.1,Customer
951,176.176,0.0,0.0,0.0,0.0,176.176,178.679,178.679,1.4,Customer
915,172.873,0.0,0.0,0.0,0.0,172.873,178.979,178.979,5.0,Customer
962,177.277,0.0,0.0,0.0,0.0,177.277,179.079,179.079,0.7,Customer
943,175.475,0.0,0.0,0.0,0.0,175.475,179.179,179.179,2.6,Customer
888,169.569,0.0,0.0,0.0,0.0,174.174,179.379,179.379,8.71,Customer
972,178.879,0.0,0.0,0.0,0.0,178.879,180.08,180.08,0.1,Customer
960,177.377,0.0,0.0,0.0,0.0,177.377,181.581,181.581,3.1,Customer
905,170.971,0.0,0.0,0.0,0.0,170.971,181.882,181.882,9.81,Customer
1008,181.081,0.0,0.0,0.0,0.0,181.081,182.683,182.683,0.5,Customer
1003,180.881,0.0,0.0,0.0,0.0,180.881,183.583,183.583,1.6,Customer
1023,184.384,0.0,0.0,0.0,0.0,184.384,185.585,185.585,0.1,Customer
1030,185.786,0.0,0.0,0.0,0.0,185.786,186.887,186.887,0.0,Customer
1033,186.386,0.0,0.0,0.0,0.0,186.386,187.487,187.487,0.0,Customer
1031,186.286,0.0,0.0,0.0,0.0,186.286,187.988,187.988,0.6,Customer
1028,185.385,0.0,0.0,0.0,0.0,185.385,190.791,190.791,4.3,Customer
1053,197.197,0.0,0.0,0.0,0.0,0.0,0.0,198.598,0.3,Customer
1001,180.38,0.0,0.0,0.0,0.0,180.38,200.2,200.2,18.72,Customer
1054,197.697,0.0,0.0,0.0,0.0,197.697,200.6,200.6,1.8,Customer
1043,194.995,0.0,0.0,0.0,0.0,0.0,0.0,206.306,10.21,Customer
982,178.578,0.0,0.0,0.0,0.0,178.578,206.606,206.606,26.93,Customer
1009,181.181,0.0,0.0,0.0,0.0,181.181,207.708,207.708,25.43,Customer
955,176.777,0.0,0.0,0.0,0.0,204.704,207.808,207.808,29.93,Staff
981,178.578,0.0,0.0,0.0,0.0,206.707,208.909,208.909,29.23,Customer
1101,207.808,0.0,0.0,0.0,0.0,207.808,209.309,209.309,0.4,Customer
1138,212.412,0.0,0.0,0.0,0.0,212.412,213.513,213.513,0.0,Customer
1149,212.913,0.0,0.0,0.0,0.0,212.913,214.614,214.614,0.6,Customer
1155,214.014,0.0,0.0,0.0,0.0,214.014,215.315,215.315,0.2,Customer
1165,214.915,0.0,0.0,0.0,0.0,214.915,216.016,216.016,0.0,Customer
1104,208.608,0.0,0.0,0.0,0.0,208.608,217.017,217.017,7.31,Customer
1013,181.681,0.0,0.0,0.0,0.0,181.681,183.583,217.417,34.63,Customer
1176,217.317,0.0,0.0,0.0,0.0,0.0,0.0,218.518,0.1,Customer
1159,214.314,0.0,0.0,0.0,0.0,214.314,220.02,220.02,4.6,Customer
1187,220.62,0.0,0.0,0.0,0.0,220.62,221.822,221.822,0.1,Customer
1202,223.724,0.0,0.0,0.0,0.0,223.724,226.326,226.326,1.5,Customer
1122,212.312,0.0,0.0,0.0,0.0,212.312,226.927,226.927,13.51,Customer
1204,224.925,0.0,0.0,0.0,0.0,224.925,227.127,227.127,1.1,Customer
1210,228.328,0.0,0.0,0.0,0.0,228.328,230.13,230.13,0.7,Customer
1213,229.029,0.0,0.0,0.0,0.0,229.029,230.23,230.23,0.1,Customer
1221,230.33,0.0,0.0,0.0,0.0,230.33,232.833,232.833,1.4,Customer
1225,231.531,0.0,0.0,0.0,0.0,231.531,233.834,233.834,1.2,Customer
1235,233.033,0.0,0.0,0.0,0.0,233.033,234.334,234.334,0.2,Customer
1238,233.333,0.0,0.0,0.0,0.0,233.333,235.035,235.035,0.6,Customer
1130,211.611,0.0,0.0,0.0,0.0,211.611,237.137,237.137,24.42,Customer
1226,231.832,0.0,0.0,0.0,0.0,231.832,238.438,238.438,5.51,Customer
1250,236.636,0.0,0.0,0.0,0.0,236.636,239.639,239.639,1.9,Customer
1107,209.209,0.0,0.0,0.0,0.0,209.209,240.14,240.14,29.83,Customer
1265,238.939,0.0,0.0,0.0,0.0,238.939,240.24,240.24,0.2,Customer
1292,241.641,0.0,0.0,0.0,0.0,0.0,0.0,243.343,0.6,Customer
1285,240.74,0.0,0.0,0.0,0.0,240.74,243.443,243.443,1.6,Customer
1269,239.739,0.0,0.0,0.0,0.0,239.739,244.044,244.044,3.2,Customer
1318,243.043,0.0,0.0,0.0,0.0,243.043,246.046,246.046,1.9,Customer
1070,204.204,0.0,0.0,0.0,0.0,0.0,0.0,246.046,40.74,Customer
1253,237.938,0.0,0.0,0.0,0.0,237.938,246.847,246.847,7.81,Customer
1316,243.043,0.0,0.0,0.0,0.0,243.043,247.547,247.547,3.4,Customer
1044,195.495,0.0,0.0,0.0,0.0,0.0,0.0,247.948,51.35,Staff
1337,244.945,0.0,0.0,0.0,0.0,244.945,248.448,248.448,2.4,Customer
1370,247.848,0.0,0.0,0.0,0.0,247.848,248.348,249.449,0.5,Customer
1361,247.147,0.0,0.0,0.0,0.0,247.147,249.549,249.549,1.3,Customer
1242,233.834,0.0,0.0,0.0,0.0,233.834,249.549,249.549,14.61,Customer
1396,248.648,0.0,0.0,0.0,0.0,0.0,0.0,250.951,1.2,Customer
1319,243.143,0.0,0.0,0.0,0.0,243.143,251.451,251.451,7.21,Customer
1346,245.645,0.0,0.0,0.0,0.0,0.0,0.0,251.651,4.9,Customer
1414,251.852,0.0,0.0,0.0,0.0,0.0,0.0,254.654,1.7,Customer
1286,240.841,0.0,0.0,0.0,0.0,240.841,255.956,255.956,14.01,Customer
1375,247.748,0.0,0.0,0.0,0.0,247.748,259.459,259.459,10.61,Customer
1457,260.76,0.0,0.0,0.0,0.0,260.76,262.462,262.462,0.6,Customer
1469,261.962,0.0,0.0,0.0,0.0,0.0,0.0,264.664,1.6,Customer
1472,263.363,0.0,0.0,0.0,0.0,263.363,264.865,264.865,0.4,Customer
1483,265.065,0.0,0.0,0.0,0.0,265.065,266.166,266.166,0.0,Customer
1484,264.664,0.0,0.0,0.0,0.0,0.0,0.0,266.266,0.5,Customer
1294,241.341,0.0,0.0,0.0,0.0,251.151,266.867,266.867,24.42,Customer
1434,256.757,0.0,0.0,0.0,0.0,256.757,267.667,267.667,9.81,Customer
1491,266.166,0.0,0.0,0.0,0.0,266.166,267.868,267.868,0.6,Customer
1494,266.466,0.0,0.0,0.0,0.0,266.466,268.168,268.168,0.6,Customer
1497,267.367,0.0,0.0,0.0,0.0,267.367,268.969,268.969,0.5,Customer
1489,265.966,0.0,0.0,0.0,0.0,0.0,0.0,270.07,3.0,Customer
1510,268.869,0.0,0.0,0.0,0.0,268.869,271.171,271.171,1.2,Customer
1398,248.749,0.0,0.0,0.0,0.0,248.749,271.872,271.872,22.02,Customer
1530,271.471,0.0,0.0,0.0,0.0,271.471,272.873,272.873,0.3,Customer
1531,271.471,0.0,0.0,0.0,0.0,271.471,273.073,273.073,0.5,Customer
1524,272.272,0.0,0.0,0.0,0.0,272.272,273.373,273.373,0.0,Customer
1533,271.872,0.0,0.0,0.0,0.0,271.872,274.374,274.374,1.4,Customer
1381,247.848,268.769,269.369,0.0,0.0,273.173,274.875,274.875,25.93,Customer
1515,269.769,0.0,0.0,0.0,0.0,0.0,0.0,275.575,4.7,Staff
1475,264.164,0.0,0.0,0.0,0.0,264.164,277.477,277.477,12.21,Customer
1570,276.576,0.0,0.0,0.0,0.0,276.576,278.078,278.078,0.4,Customer
1408,250.65,0.0,0.0,0.0,0.0,0.0,0.0,278.378,26.63,Staff
1332,244.244,0.0,0.0,0.0,0.0,244.244,278.678,278.678,33.33,Customer
1584,278.378,0.0,0.0,0.0,0.0,278.378,279.98,279.98,0.5,Customer
1559,275.575,0.0,0.0,0.0,0.0,275.575,280.48,280.48,3.8,Customer
1619,283.583,0.0,0.0,0.0,0.0,283.583,285.185,285.185,0.5,Customer
1577,277.377,0.0,0.0,0.0,0.0,0.0,0.0,286.286,7.81,Customer
1628,284.184,0.0,0.0,0.0,0.0,284.184,289.389,289.389,4.1,Customer
1645,287.587,0.0,0.0,0.0,0.0,287.587,289.389,289.389,0.7,Customer
1647,288.788,0.0,0.0,0.0,0.0,0.0,0.0,290.29,0.4,Customer
1640,286.887,0.0,0.0,0.0,0.0,0.0,0.0,290.791,2.8,Customer
1649,288.889,0.0,0.0,0.0,0.0,288.889,291.191,291.191,1.2,Customer
1663,291.091,0.0,0.0,0.0,0.0,0.0,0.0,292.192,0.0,Customer
1650,288.989,0.0,0.0,0.0,0.0,0.0,0.0,292.292,2.2,Customer
1661,290.09,0.0,0.0,0.0,0.0,0.0,0.0,294.094,2.9,Customer
1677,294.294,0.0,0.0,0.0,0.0,294.294,295.395,295.395,0.0,Customer
1678,294.394,0.0,0.0,0.0,0.0,0.0,0.0,295.796,0.3,Customer
1572,276.877,0.0,0.0,0.0,0.0,0.0,0.0,297.497,19.52,Staff
1674,293.994,0.0,0.0,0.0,0.0,0.0,0.0,298.098,3.0,Customer
1687,297.898,0.0,0.0,0.0,0.0,297.898,299.299,299.299,0.3,Customer
1667,292.392,0.0,0.0,0.0,0.0,292.392,300.0,300.0,6.51,Customer
1671,293.994,0.0,0.0,0.0,0.0,293.994,300.0,300.0,4.9,Customer
1696,298.398,0.0,0.0,0.0,0.0,0.0,0.0,300.4,0.9,Customer
1571,276.376,0.0,0.0,0.0,0.0,0.0,0.0,300.7,23.22,Customer
1362,247.047,0.0,0.0,0.0,0.0,248.048,252.552,301.001,52.85,Customer
1541,272.172,272.172,272.272,0.0,0.0,0.0,0.0,302.302,29.03,Customer
1708,300.0,0.0,0.0,0.0,0.0,0.0,0.0,302.803,1.7,Customer
1716,302.202,0.0,0.0,0.0,0.0,302.202,303.303,303.303,0.0,Customer
1633,284.684,0.0,0.0,0.0,0.0,299.9,303.803,303.803,18.02,Customer
1712,300.5,301.301,301.401,0.0,0.0,0.0,0.0,304.104,2.5,Customer
1723,301.802,301.802,304.204,0.0,0.0,0.0,0.0,304.204,1.3,Customer
1669,292.793,0.0,0.0,0.0,0.0,0.0,0.0,304.404,10.51,Customer
1740,303.503,0.0,0.0,0.0,0.0,303.503,304.805,304.805,0.2,Customer
1746,304.905,0.0,0.0,0.0,0.0,304.905,307.007,307.007,1.0,Customer
1596,281.781,0.0,0.0,0.0,0.0,281.781,307.207,307.207,24.32,Customer
1506,268.668,0.0,0.0,0.0,0.0,273.974,308.308,308.308,38.54,Customer
1756,305.805,0.0,0.0,0.0,0.0,305.805,308.608,308.608,1.7,Customer
1773,307.808,0.0,0.0,0.0,0.0,307.808,308.909,308.909,0.0,Customer
1785,309.609,0.0,0.0,0.0,0.0,0.0,0.0,310.71,0.0,Customer
1794,310.51,310.51,310.61,0.0,0.0,310.81,311.912,311.912,0.3,Customer
1710,302.002,0.0,0.0,0.0,0.0,302.002,312.212,312.212,9.11,Customer
1797,310.911,0.0,0.0,0.0,0.0,310.911,312.612,312.612,0.6,Customer
1811,312.312,0.0,0.0,0.0,0.0,312.312,314.915,314.915,1.5,Customer
1823,312.913,0.0,0.0,0.0,0.0,312.913,315.315,315.315,1.3,Customer
1787,310.01,0.0,0.0,0.0,0.0,310.01,316.516,316.516,5.41,Customer
1845,315.415,0.0,0.0,0.0,0.0,315.415,319.719,319.719,3.2,Customer
1821,312.512,0.0,0.0,0.0,0.0,317.417,320.02,320.02,6.41,Customer
1863,316.416,0.0,0.0,0.0,0.0,316.416,321.321,321.321,3.8,Customer
1877,320.32,0.0,0.0,0.0,0.0,0.0,0.0,321.721,0.3,Customer
1878,320.32,320.32,321.922,0.0,0.0,0.0,0.0,321.922,0.5,Customer
1866,317.417,0.0,0.0,0.0,0.0,317.417,322.923,322.923,4.4,Customer
1883,321.822,321.822,322.923,0.0,0.0,0.0,0.0,322.923,0.0,Customer
1889,322.022,0.0,0.0,0.0,0.0,322.022,323.323,323.323,0.2,Customer
1843,315.315,0.0,0.0,0.0,0.0,315.315,323.623,323.623,7.21,Customer
1895,322.422,0.0,0.0,0.0,0.0,322.422,324.224,324.224,0.7,Customer
1774,308.108,0.0,0.0,0.0,0.0,308.108,324.925,324.925,15.72,Customer
1911,324.524,0.0,0.0,0.0,0.0,0.0,0.0,326.026,0.4,Customer
1881,321.221,0.0,0.0,0.0,0.0,0.0,0.0,326.426,4.1,Staff
1907,324.124,0.0,0.0,0.0,0.0,324.124,326.927,326.927,1.7,Customer
1928,326.026,0.0,0.0,0.0,0.0,326.026,327.227,327.227,0.1,Customer
1933,327.027,0.0,0.0,0.0,0.0,327.027,328.128,328.128,0.0,Customer
1906,324.324,0.0,0.0,0.0,0.0,324.324,328.728,328.728,3.3,Customer
1936,327.627,0.0,0.0,0.0,0.0,327.627,328.929,328.929,0.2,Customer
1930,326.426,0.0,0.0,0.0,0.0,0.0,0.0,329.429,1.9,Customer
1925,325.725,0.0,0.0,0.0,0.0,0.0,0.0,332.032,5.21,Staff
1904,324.624,324.624,333.934,0.0,0.0,0.0,0.0,333.934,8.21,Customer
1972,333.133,0.0,0.0,0.0,0.0,0.0,0.0,334.234,0.0,Customer
1948,328.728,0.0,0.0,0.0,0.0,328.728,335.936,335.936,6.11,Customer
2000,335.035,0.0,0.0,0.0,0.0,335.035,336.736,336.736,0.6,Customer
1951,332.032,0.0,0.0,0.0,0.0,332.032,338.839,338.839,5.71,Customer
2011,335.936,0.0,0.0,0.0,0.0,0.0,0.0,338.839,1.8,Customer
2018,338.038,0.0,0.0,0.0,0.0,338.038,340.04,340.04,0.9,Customer
2060,339.239,0.0,0.0,0.0,0.0,339.239,340.34,340.34,0.0,Customer
2073,340.14,0.0,0.0,0.0,0.0,340.14,341.741,341.741,0.5,Customer
1851,315.815,0.0,0.0,0.0,0.0,0.0,0.0,342.642,25.73,Staff
2123,342.843,0.0,0.0,0.0,0.0,342.843,344.144,344.144,0.2,Customer
2090,341.441,0.0,0.0,0.0,0.0,0.0,0.0,344.844,2.3,Customer
1741,303.603,0.0,0.0,0.0,0.0,0.0,0.0,345.345,40.64,Customer
2095,341.641,0.0,0.0,0.0,0.0,341.641,345.545,345.545,2.8,Customer
2149,343.944,0.0,0.0,0.0,0.0,343.944,346.146,346.146,1.1,Customer
2177,345.245,0.0,0.0,0.0,0.0,345.245,346.346,346.346,0.0,Customer
2062,339.639,0.0,0.0,0.0,0.0,339.639,346.346,346.346,5.61,Customer
2102,341.841,0.0,0.0,0.0,0.0,341.841,346.446,346.446,3.5,Customer
2077,340.24,0.0,0.0,0.0,0.0,340.24,346.546,346.546,5.21,Customer
2151,344.444,0.0,0.0,0.0,0.0,0.0,0.0,346.546,1.0,Customer
2105,341.741,0.0,0.0,0.0,0.0,0.0,0.0,347.147,4.3,Customer
2039,337.337,0.0,0.0,0.0,0.0,337.337,347.647,347.647,9.21,Customer
2174,345.245,0.0,0.0,0.0,0.0,345.245,348.348,348.348,2.0,Customer
2207,346.846,0.0,0.0,0.0,0.0,346.846,346.947,348.648,0.7,Customer
2206,346.846,0.0,0.0,0.0,0.0,0.0,0.0,348.849,0.9,Customer
2238,349.149,0.0,0.0,0.0,0.0,0.0,0.0,350.35,0.1,Customer
2228,348.148,0.0,0.0,0.0,0.0,348.148,350.65,350.65,1.4,Customer
2224,348.048,0.0,0.0,0.0,0.0,0.0,0.0,350.75,1.6,Customer
2133,343.343,0.0,0.0,0.0,0.0,0.0,0.0,351.151,6.71,Customer
2231,348.548,0.0,0.0,0.0,0.0,0.0,0.0,351.651,2.0,Customer
2226,348.148,348.148,352.052,0.0,0.0,0.0,0.0,352.052,2.8,Customer
2248,349.749,0.0,0.0,0.0,0.0,349.749,352.352,352.352,1.5,Customer
2286,353.053,0.0,0.0,0.0,0.0,0.0,0.0,354.554,0.4,Customer
2254,350.55,0.0,0.0,0.0,0.0,350.55,355.555,355.555,3.9,Customer
2307,355.155,0.0,0.0,0.0,0.0,355.155,356.456,356.456,0.2,Customer
2266,351.751,0.0,0.0,0.0,0.0,351.751,356.656,356.656,3.8,Customer
2251,352.152,0.0,0.0,0.0,0.0,0.0,0.0,356.957,3.7,Customer
2294,355.755,0.0,0.0,0.0,0.0,0.0,0.0,358.959,2.1,Customer
2269,351.851,0.0,0.0,0.0,0.0,351.851,359.659,359.659,6.71,Customer
2345,357.657,0.0,0.0,0.0,0.0,0.0,0.0,360.76,2.0,Customer
2366,359.359,0.0,0.0,0.0,0.0,359.359,360.961,360.961,0.5,Customer
2347,358.058,0.0,0.0,0.0,0.0,358.058,362.062,362.062,2.9,Customer
2311,355.355,355.355,362.262,0.0,0.0,0.0,0.0,362.262,5.81,Customer
2326,356.056,0.0,0.0,0.0,0.0,356.056,362.662,362.662,5.51,Customer
2375,360.961,0.0,0.0,0.0,0.0,0.0,0.0,362.863,0.8,Customer
2398,362.062,0.0,0.0,0.0,0.0,362.062,363.163,363.163,0.0,Customer
2142,343.643,346.846,348.548,0.0,0.0,0.0,0.0,366.366,21.62,Customer
2441,365.065,0.0,0.0,0.0,0.0,365.065,366.666,366.666,0.5,Customer
1711,300.4,0.0,0.0,0.0,0.0,0.0,0.0,366.967,65.47,Staff
2464,365.865,0.0,0.0,0.0,0.0,0.0,0.0,367.667,0.7,Customer
2504,367.467,0.0,0.0,0.0,0.0,0.0,0.0,368.668,0.1,Customer
2381,361.761,0.0,0.0,0.0,0.0,361.761,369.469,369.469,6.61,Customer
2513,367.868,0.0,0.0,0.0,0.0,0.0,0.0,369.469,0.5,Customer
2510,367.667,0.0,0.0,0.0,0.0,367.667,369.569,369.569,0.8,Customer
2526,368.969,0.0,0.0,0.0,0.0,368.969,370.47,370.47,0.4,Customer
2527,369.069,0.0,0.0,0.0,0.0,0.0,0.0,371.071,0.9,Customer
2157,344.544,0.0,0.0,0.0,0.0,344.544,371.171,371.171,25.53,Customer
2512,370.17,0.0,0.0,0.0,0.0,0.0,0.0,371.271,0.0,Customer
2505,367.567,367.567,371.471,0.0,0.0,0.0,0.0,371.471,2.8,Customer
2514,368.468,0.0,0.0,0.0,0.0,0.0,0.0,372.472,2.9,Customer
2548,370.77,0.0,0.0,0.0,0.0,0.0,0.0,372.572,0.7,Customer
2529,369.369,0.0,0.0,0.0,0.0,0.0,0.0,373.573,3.1,Customer
2565,373.373,0.0,0.0,0.0,0.0,373.373,374.474,374.474,0.0,Customer
2551,371.571,0.0,0.0,0.0,0.0,371.571,375.575,375.575,2.9,Customer
2561,372.973,0.0,0.0,0.0,0.0,0.0,0.0,376.076,2.0,Customer
2540,370.27,0.0,0.0,0.0,0.0,370.27,376.276,376.276,4.9,Customer
2586,375.976,0.0,0.0,0.0,0.0,0.0,0.0,377.677,0.6,Customer
2579,375.075,375.075,377.877,0.0,0.0,0.0,0.0,377.877,1.7,Customer
2183,345.445,0.0,0.0,0.0,0.0,345.445,361.461,377.978,31.43,Customer
2545,370.27,0.0,0.0,0.0,0.0,370.27,379.379,379.379,8.01,Customer
2605,377.677,0.0,0.0,0.0,0.0,0.0,0.0,380.58,1.8,Customer
2633,381.781,0.0,0.0,0.0,0.0,381.781,383.884,383.884,1.0,Customer
2519,368.468,0.0,0.0,0.0,0.0,368.468,384.584,384.584,15.01,Customer
2388,361.261,0.0,0.0,0.0,0.0,0.0,0.0,385.085,22.72,Staff
2636,382.983,0.0,0.0,0.0,0.0,0.0,0.0,385.585,1.5,Customer
2671,384.985,0.0,0.0,0.0,0.0,384.985,386.686,386.686,0.6,Customer
2630,381.581,0.0,0.0,0.0,0.0,0.0,0.0,386.887,4.2,Customer
2665,384.784,0.0,0.0,0.0,0.0,0.0,0.0,386.987,1.1,Customer
2655,384.384,0.0,0.0,0.0,0.0,384.384,387.087,387.087,1.6,Customer
2660,384.284,386.086,387.187,0.0,0.0,0.0,0.0,387.187,1.8,Customer
2498,367.267,382.983,383.884,0.0,0.0,0.0,0.0,387.487,19.12,Customer
2668,384.885,0.0,0.0,0.0,0.0,0.0,0.0,387.587,1.6,Customer
2677,385.385,0.0,0.0,0.0,0.0,385.385,387.787,387.787,1.3,Customer
2683,386.786,0.0,0.0,386.887,387.287,0.0,0.0,388.388,0.5,Customer
2692,387.387,0.0,0.0,0.0,0.0,0.0,0.0,388.989,0.5,Customer
2687,387.387,0.0,0.0,0.0,0.0,387.387,390.59,390.59,2.1,Customer
2730,390.69,0.0,0.0,0.0,0.0,0.0,0.0,393.593,1.8,Customer
2682,386.586,0.0,0.0,0.0,0.0,389.889,393.393,394.894,7.21,Customer
2764,393.593,0.0,0.0,0.0,0.0,0.0,0.0,395.795,1.1,Customer
2752,392.792,0.0,0.0,0.0,0.0,0.0,0.0,395.896,2.0,Customer
2772,393.593,0.0,0.0,0.0,0.0,393.593,396.096,396.096,1.4,Customer
2619,380.08,0.0,0.0,0.0,0.0,380.08,396.296,396.296,15.12,Customer
2701,387.887,0.0,0.0,0.0,0.0,391.992,394.494,396.396,7.41,Customer
2727,390.39,0.0,0.0,0.0,0.0,0.0,0.0,396.596,5.11,Staff
1803,311.311,388.288,388.688,0.0,0.0,320.12,320.921,396.596,84.18,Customer
2785,394.995,0.0,0.0,0.0,0.0,394.995,395.395,397.097,1.0,Customer
2721,389.99,389.99,390.79,0.0,0.0,0.0,0.0,397.197,6.11,Customer
2774,393.894,0.0,0.0,0.0,0.0,393.894,397.297,397.297,2.3,Customer
2747,392.592,0.0,0.0,0.0,0.0,392.592,397.597,397.597,3.9,Customer
2811,398.698,0.0,0.0,0.0,0.0,0.0,0.0,400.5,0.7,Customer
2794,396.897,399.699,400.8,0.0,0.0,0.0,0.0,400.8,2.8,Customer
2820,400.0,0.0,0.0,0.0,0.0,400.0,401.101,401.101,0.0,Customer
2728,390.39,390.39,401.401,0.0,0.0,0.0,0.0,401.401,9.91,Customer
2797,397.297,0.0,0.0,0.0,0.0,0.0,0.0,402.202,3.8,Customer
2815,399.299,0.0,0.0,0.0,0.0,0.0,0.0,402.202,1.8,Customer
2789,395.996,0.0,0.0,0.0,0.0,400.7,402.302,402.302,5.21,Customer
2365,359.359,0.0,0.0,0.0,0.0,0.0,0.0,403.503,43.04,Staff
2790,396.096,397.597,397.697,397.097,397.597,402.102,403.503,403.503,6.31,Customer
2831,402.002,0.0,0.0,0.0,0.0,402.402,403.503,403.503,0.4,Customer
2839,403.403,0.0,0.0,0.0,0.0,0.0,0.0,405.305,0.8,Customer
2810,398.698,0.0,0.0,0.0,0.0,398.698,405.705,405.705,5.91,Customer
2837,403.103,0.0,0.0,0.0,0.0,403.103,406.106,406.106,1.9,Customer
2762,393.093,0.0,0.0,0.0,0.0,393.093,407.908,407.908,13.71,Customer
2877,407.507,0.0,0.0,0.0,0.0,407.507,409.109,409.109,0.5,Customer
2864,406.106,0.0,0.0,0.0,0.0,406.106,409.209,409.209,2.0,Customer
2898,408.208,0.0,0.0,0.0,0.0,0.0,0.0,409.909,0.6,Customer
2880,407.107,407.107,410.51,0.0,0.0,0.0,0.0,410.51,2.3,Customer
2829,401.601,0.0,0.0,0.0,0.0,405.405,410.61,410.61,7.91,Customer
2857,406.006,0.0,0.0,0.0,0.0,0.0,0.0,410.81,3.7,Customer
2539,370.27,0.0,0.0,0.0,0.0,370.27,410.911,410.911,39.54,Customer
2926,409.809,0.0,0.0,0.0,0.0,0.0,0.0,410.911,0.0,Customer
2900,408.208,0.0,0.0,0.0,0.0,408.208,411.111,411.111,1.8,Customer
2881,407.007,0.0,0.0,0.0,0.0,407.007,411.211,411.211,3.1,Customer
2861,405.705,0.0,0.0,0.0,0.0,0.0,0.0,411.711,4.9,Customer
2890,410.81,0.0,0.0,0.0,0.0,410.81,411.911,411.911,0.0,Customer
2942,410.71,0.0,0.0,0.0,0.0,0.0,0.0,412.412,0.6,Customer
2945,410.71,0.0,0.0,0.0,0.0,410.71,412.812,412.812,1.0,Customer
2948,411.211,0.0,0.0,0.0,0.0,411.211,413.413,413.413,1.1,Customer
2853,405.605,0.0,0.0,0.0,0.0,405.605,413.813,413.813,7.11,Customer
2960,411.911,0.0,0.0,0.0,0.0,411.911,414.014,414.014,1.0,Customer
2987,412.913,0.0,0.0,0.0,0.0,412.913,414.514,414.514,0.5,Customer
2976,412.312,0.0,0.0,0.0,0.0,412.312,414.814,414.814,1.4,Customer
2993,413.313,0.0,0.0,0.0,0.0,413.313,414.814,414.814,0.4,Customer
2922,409.609,0.0,0.0,0.0,0.0,409.609,414.915,414.915,4.2,Customer
3001,414.214,0.0,0.0,0.0,0.0,414.214,415.315,415.315,0.0,Customer
2983,412.913,0.0,0.0,0.0,0.0,0.0,0.0,415.715,1.7,Customer
3003,414.114,0.0,0.0,0.0,0.0,414.114,416.516,416.516,1.3,Customer
2947,411.011,0.0,0.0,0.0,0.0,0.0,0.0,417.217,5.11,Customer
2921,409.509,0.0,0.0,0.0,0.0,409.509,417.317,417.317,6.71,Customer
3031,415.815,0.0,0.0,0.0,0.0,0.0,0.0,418.118,1.2,Customer
3060,416.716,0.0,0.0,0.0,0.0,416.716,418.818,418.818,1.0,Customer
3012,415.015,415.715,416.116,0.0,0.0,0.0,0.0,418.918,2.8,Customer
2523,368.768,0.0,0.0,0.0,0.0,0.0,0.0,419.019,49.15,Staff
3044,416.216,0.0,0.0,0.0,0.0,0.0,0.0,419.119,1.8,Customer
3068,418.318,0.0,0.0,0.0,0.0,0.0,0.0,419.619,0.2,Customer
3063,416.816,0.0,0.0,0.0,0.0,416.816,419.819,419.819,1.9,Customer
3082,418.818,0.0,0.0,0.0,0.0,0.0,0.0,420.32,0.4,Customer
3030,415.715,0.0,0.0,0.0,0.0,415.715,420.72,420.72,3.9,Customer
3084,419.219,0.0,0.0,0.0,0.0,419.219,421.621,421.621,1.3,Customer
2968,412.412,0.0,0.0,0.0,0.0,412.412,416.816,422.322,8.81,Customer
3107,420.52,0.0,0.0,0.0,0.0,0.0,0.0,422.322,0.7,Customer
3124,421.821,0.0,0.0,0.0,0.0,421.821,423.023,423.023,0.1,Customer
3131,422.122,0.0,0.0,0.0,0.0,422.122,423.923,423.923,0.7,Customer
3135,422.222,0.0,0.0,0.0,0.0,0.0,0.0,425.025,1.7,Customer
3151,423.123,0.0,0.0,0.0,0.0,423.123,425.125,425.125,0.9,Customer
3162,424.424,0.0,0.0,0.0,0.0,424.424,425.525,425.525,0.0,Customer
3129,421.921,424.324,426.126,0.0,0.0,0.0,0.0,426.126,3.1,Customer
2912,409.309,0.0,0.0,0.0,0.0,409.309,426.927,426.927,16.52,Customer
2927,409.809,0.0,0.0,0.0,0.0,410.71,414.114,426.927,16.02,Customer
3184,425.125,0.0,0.0,0.0,0.0,0.0,0.0,427.427,1.2,Customer
3130,421.921,0.0,0.0,0.0,0.0,0.0,0.0,427.527,4.5,Staff
3180,424.925,0.0,0.0,0.0,0.0,424.925,427.928,427.928,1.9,Customer
3232,427.427,0.0,0.0,0.0,0.0,427.827,429.129,429.129,0.6,Customer
3241,428.128,0.0,0.0,0.0,0.0,0.0,0.0,429.429,0.2,Customer
3242,428.428,0.0,0.0,0.0,0.0,0.0,0.0,430.13,0.6,Customer
3227,427.427,0.0,0.0,0.0,0.0,427.427,430.33,430.33,1.8,Customer
3221,426.927,0.0,0.0,0.0,0.0,426.927,427.727,431.331,3.3,Customer
3258,430.53,0.0,0.0,0.0,0.0,430.53,431.731,431.731,0.1,Customer
3220,427.127,0.0,0.0,0.0,0.0,427.127,431.831,431.831,3.6,Customer
3061,416.816,0.0,0.0,0.0,0.0,416.816,433.133,433.133,15.22,Customer
3096,420.22,420.22,433.533,0.0,0.0,0.0,0.0,433.533,12.21,Customer
3273,432.933,0.0,0.0,0.0,0.0,432.933,433.133,434.234,0.2,Customer
3284,433.733,0.0,0.0,0.0,0.0,0.0,0.0,434.834,0.0,Customer
3286,433.633,0.0,0.0,0.0,0.0,433.633,435.035,435.035,0.3,Customer
3298,434.834,0.0,0.0,0.0,0.0,434.834,435.935,435.935,0.0,Customer
3304,435.035,0.0,0.0,0.0,0.0,435.035,436.136,436.136,0.0,Customer
3254,429.629,0.0,0.0,0.0,0.0,0.0,0.0,436.937,6.21,Customer
3288,435.835,0.0,0.0,0.0,0.0,435.835,437.137,437.137,0.2,Customer
3264,431.731,0.0,0.0,0.0,0.0,0.0,0.0,437.337,4.5,Staff
3326,436.736,0.0,0.0,0.0,0.0,436.736,438.838,438.838,1.0,Customer
3203,426.126,0.0,0.0,0.0,0.0,426.126,437.337,440.14,12.91,Customer
3336,438.738,0.0,0.0,0.0,0.0,438.738,441.141,441.141,1.3,Customer
3333,438.338,0.0,0.0,0.0,0.0,438.338,442.442,442.442,3.0,Customer
3213,426.826,0.0,0.0,0.0,0.0,0.0,0.0,443.343,15.42,Staff
3354,442.342,0.0,0.0,0.0,0.0,0.0,0.0,443.643,0.2,Customer
3348,441.942,0.0,0.0,0.0,0.0,441.942,444.244,444.244,1.2,Customer
3369,444.744,0.0,0.0,0.0,0.0,444.744,446.246,446.246,0.4,Customer
3191,425.625,0.0,0.0,0.0,0.0,425.625,446.646,446.646,19.92,Customer
3351,442.042,0.0,0.0,0.0,0.0,0.0,0.0,447.747,4.6,Customer
3283,433.433,0.0,0.0,0.0,0.0,433.433,448.548,448.548,14.01,Customer
3375,446.746,0.0,0.0,0.0,0.0,447.347,448.648,448.648,0.8,Customer
3372,446.546,0.0,0.0,0.0,0.0,446.546,449.549,449.549,1.9,Customer
3112,420.82,0.0,0.0,0.0,0.0,420.82,450.05,450.05,28.13,Customer
3410,448.848,0.0,0.0,0.0,0.0,448.848,450.45,450.45,0.5,Customer
3143,422.722,0.0,0.0,0.0,0.0,0.0,0.0,450.85,27.03,Customer
3405,448.348,0.0,0.0,0.0,0.0,448.348,451.051,451.051,1.6,Customer
3434,450.25,0.0,0.0,0.0,0.0,0.0,0.0,451.451,0.1,Customer
3441,450.35,0.0,0.0,0.0,0.0,0.0,0.0,451.451,0.0,Customer
3090,420.72,0.0,0.0,0.0,0.0,420.72,451.551,451.551,29.73,Customer
3330,437.137,0.0,0.0,0.0,0.0,440.34,450.35,451.751,13.51,Customer
3400,450.951,0.0,0.0,0.0,0.0,0.0,0.0,452.352,0.3,Customer
3457,451.952,0.0,0.0,0.0,0.0,0.0,0.0,453.153,0.1,Customer
3454,451.651,0.0,0.0,0.0,0.0,0.0,0.0,453.153,0.4,Customer
3186,425.425,439.239,439.94,0.0,0.0,0.0,0.0,454.454,27.93,Customer
3414,448.949,0.0,0.0,0.0,0.0,448.949,449.349,455.555,5.51,Customer
3475,454.354,0.0,0.0,0.0,0.0,454.354,456.156,456.156,0.7,Customer
3470,454.154,0.0,0.0,0.0,0.0,454.154,457.157,457.157,1.9,Customer
3181,425.425,0.0,0.0,0.0,0.0,0.0,0.0,458.058,31.53,Customer
3487,456.156,0.0,0.0,0.0,0.0,0.0,0.0,460.66,3.4,Customer
3461,453.653,0.0,0.0,0.0,0.0,0.0,0.0,460.76,6.01,Customer
3451,451.251,0.0,0.0,0.0,0.0,451.251,463.863,463.863,11.51,Customer
3522,463.763,0.0,0.0,0.0,0.0,0.0,0.0,465.265,0.4,Customer
3510,462.963,0.0,0.0,0.0,0.0,0.0,0.0,465.966,1.9,Customer
3525,463.964,0.0,0.0,0.0,0.0,0.0,0.0,466.166,1.1,Customer
3504,461.461,0.0,0.0,0.0,0.0,461.461,466.766,466.766,4.2,Customer
3500,461.061,0.0,0.0,0.0,0.0,0.0,0.0,469.069,6.91,Customer
3555,465.765,0.0,0.0,0.0,0.0,465.765,469.269,469.269,2.4,Customer
3550,465.365,465.365,469.769,0.0,0.0,0.0,0.0,469.769,3.3,Customer
3557,465.765,0.0,0.0,0.0,0.0,465.765,470.57,470.57,3.7,Customer
3478,454.554,463.163,463.763,0.0,0.0,0.0,0.0,470.971,15.32,Customer
3568,470.17,0.0,0.0,0.0,0.0,0.0,0.0,472.672,1.4,Customer
3560,468.068,0.0,0.0,0.0,0.0,468.068,473.673,473.673,4.5,Customer
3577,471.571,0.0,0.0,0.0,0.0,471.571,473.873,473.873,1.2,Customer
3567,469.769,469.769,475.775,0.0,0.0,0.0,0.0,475.775,4.9,Customer
3561,468.668,0.0,0.0,0.0,0.0,0.0,0.0,476.276,6.51,Staff
3611,475.275,0.0,0.0,0.0,0.0,475.275,476.376,476.376,0.0,Customer
3594,473.273,0.0,0.0,0.0,0.0,473.273,476.576,476.576,2.2,Customer
3614,475.375,0.0,0.0,0.0,0.0,475.375,476.876,476.876,0.4,Customer
3574,471.471,0.0,0.0,0.0,0.0,471.471,477.277,477.277,4.7,Customer
3630,477.877,0.0,0.0,0.0,0.0,477.877,478.978,478.978,0.0,Customer
3329,437.137,0.0,0.0,0.0,0.0,437.137,480.88,480.88,42.64,Customer
3637,479.479,0.0,0.0,0.0,0.0,479.479,480.981,480.981,0.4,Customer
3604,476.976,0.0,0.0,0.0,0.0,476.976,481.581,481.581,3.5,Customer
3628,480.58,0.0,0.0,0.0,0.0,480.58,481.981,481.981,0.3,Customer
3647,482.182,0.0,0.0,0.0,0.0,482.182,483.683,483.683,0.4,Customer
3656,481.781,0.0,0.0,0.0,0.0,481.781,485.185,485.185,2.3,Customer
3645,479.879,479.879,485.385,0.0,0.0,0.0,0.0,485.385,4.4,Customer
3652,480.78,0.0,0.0,0.0,0.0,480.78,485.485,485.485,3.6,Customer
3674,483.183,0.0,0.0,0.0,0.0,484.084,486.987,486.987,2.7,Customer
3704,486.286,0.0,0.0,0.0,0.0,486.286,487.387,487.387,0.0,Customer
3702,486.486,0.0,0.0,0.0,0.0,486.486,488.788,488.788,1.2,Customer
3668,482.882,0.0,0.0,0.0,0.0,0.0,0.0,489.789,5.81,Customer
3723,490.19,0.0,0.0,0.0,0.0,490.19,492.192,492.192,0.9,Customer
3728,492.092,0.0,0.0,0.0,0.0,492.092,493.393,493.393,0.2,Customer
3737,493.393,0.0,0.0,0.0,0.0,493.393,494.594,494.594,0.1,Customer
3619,475.675,0.0,0.0,0.0,0.0,0.0,0.0,494.794,18.02,Staff
3744,493.993,0.0,0.0,0.0,0.0,0.0,0.0,495.195,0.1,Customer
3699,485.986,0.0,0.0,0.0,0.0,485.986,495.395,495.395,8.31,Customer
3748,494.394,0.0,0.0,0.0,0.0,0.0,0.0,495.595,0.1,Customer
3730,492.993,0.0,0.0,0.0,0.0,492.993,501.101,501.101,7.01,Customer
3770,496.696,0.0,0.0,0.0,0.0,0.0,0.0,502.402,4.6,Staff
3765,495.795,0.0,0.0,0.0,0.0,0.0,0.0,502.402,5.51,Customer
3792,501.401,0.0,0.0,0.0,0.0,501.401,502.602,502.602,0.1,Customer
3747,494.194,0.0,0.0,0.0,0.0,0.0,0.0,504.504,9.21,Staff
3035,415.715,0.0,0.0,0.0,0.0,415.715,424.524,504.604,87.79,Customer
3827,505.905,0.0,0.0,0.0,0.0,0.0,0.0,508.208,1.2,Customer
3785,500.0,0.0,0.0,0.0,0.0,500.0,508.308,508.308,7.21,Customer
3719,489.189,489.189,508.308,0.0,0.0,0.0,0.0,508.308,18.02,Customer
3842,508.308,0.0,0.0,0.0,0.0,508.308,509.909,509.909,0.5,Customer
3801,502.402,0.0,0.0,0.0,0.0,0.0,0.0,510.41,6.91,Staff
3868,510.51,510.51,511.011,0.0,0.0,0.0,0.0,513.413,1.8,Customer
3887,511.111,511.111,513.413,0.0,0.0,0.0,0.0,513.413,1.2,Customer
3846,507.907,0.0,0.0,0.0,0.0,507.907,513.613,513.613,4.6,Customer
3859,509.809,0.0,0.0,0.0,0.0,0.0,0.0,514.614,3.7,Customer
3914,516.716,0.0,0.0,0.0,0.0,516.716,519.419,519.419,1.6,Customer
3629,477.577,0.0,0.0,0.0,0.0,478.778,482.082,519.519,40.84,Customer
3951,520.82,0.0,0.0,0.0,0.0,0.0,0.0,521.921,0.0,Customer
3956,521.321,0.0,0.0,0.0,0.0,0.0,0.0,522.522,0.1,Customer
1679,294.594,0.0,0.0,0.0,0.0,304.905,323.323,523.423,227.73,Staff
3872,510.41,0.0,0.0,0.0,0.0,510.41,523.523,523.523,12.01,Customer
3416,449.149,0.0,0.0,0.0,0.0,449.149,525.725,525.725,75.48,Customer
3960,521.821,0.0,0.0,0.0,0.0,521.821,526.726,526.726,3.8,Customer
4009,524.724,0.0,0.0,0.0,0.0,524.724,527.027,527.027,1.2,Customer
4019,526.025,0.0,0.0,0.0,0.0,526.025,527.427,527.427,0.3,Customer
3993,523.423,0.0,0.0,0.0,0.0,523.423,528.228,528.228,3.7,Customer
3998,523.723,0.0,0.0,0.0,0.0,523.723,528.228,528.228,3.4,Customer
4032,528.928,0.0,0.0,0.0,0.0,528.928,530.23,530.23,0.2,Customer
4025,527.327,0.0,0.0,0.0,0.0,527.327,530.53,530.53,2.1,Customer
4027,529.629,0.0,0.0,0.0,0.0,529.629,530.83,530.83,0.1,Customer
4021,526.426,0.0,0.0,0.0,0.0,526.426,532.632,532.632,5.11,Customer
4024,527.027,0.0,0.0,0.0,0.0,527.027,536.035,536.035,7.91,Customer
4040,533.533,0.0,0.0,0.0,0.0,533.733,535.535,537.337,2.7,Customer
4056,539.639,0.0,0.0,0.0,0.0,0.0,0.0,540.74,0.0,Customer
4049,536.336,0.0,0.0,0.0,0.0,536.336,542.342,542.342,4.9,Customer
3880,510.81,0.0,0.0,0.0,0.0,0.0,0.0,543.243,31.33,Staff
4026,527.927,0.0,0.0,0.0,0.0,527.927,543.343,543.343,14.31,Customer
4035,530.23,0.0,0.0,0.0,0.0,530.23,543.943,543.943,12.61,Customer
4074,543.643,0.0,0.0,0.0,0.0,543.643,545.845,545.845,1.1,Customer
3912,516.015,516.015,549.149,0.0,0.0,0.0,0.0,549.149,32.03,Customer
4102,548.948,548.948,550.85,0.0,0.0,0.0,0.0,550.85,0.8,Customer
4107,549.149,0.0,0.0,0.0,0.0,549.149,551.151,551.151,0.9,Customer
4121,551.151,0.0,0.0,0.0,0.0,551.151,552.352,552.352,0.1,Customer
4114,552.052,0.0,0.0,0.0,0.0,552.052,553.153,553.153,0.0,Customer
4083,546.246,0.0,0.0,0.0,0.0,546.246,554.354,554.354,7.01,Customer
4128,554.954,0.0,0.0,0.0,0.0,554.954,556.456,556.456,0.4,Customer
4111,549.449,0.0,0.0,0.0,0.0,549.449,557.357,557.357,6.81,Customer
4066,542.442,0.0,0.0,0.0,0.0,0.0,0.0,560.46,16.92,Staff
4166,560.16,560.16,561.861,0.0,0.0,0.0,0.0,561.861,0.6,Customer
4149,558.158,0.0,0.0,0.0,0.0,558.158,562.562,562.562,3.3,Customer
4067,542.442,0.0,0.0,0.0,0.0,0.0,0.0,562.962,19.42,Customer
3808,503.503,0.0,0.0,0.0,0.0,511.711,511.811,563.163,58.56,Customer
4162,560.86,0.0,0.0,0.0,0.0,560.86,563.563,563.563,1.6,Customer
4183,561.861,0.0,0.0,0.0,0.0,561.861,563.563,563.563,0.6,Customer
4126,553.553,0.0,0.0,0.0,0.0,553.553,563.663,563.663,9.01,Customer
4168,560.36,0.0,0.0,0.0,0.0,0.0,0.0,564.764,3.3,Customer
4165,560.36,0.0,0.0,0.0,0.0,560.36,564.764,564.764,3.3,Customer
4160,559.559,0.0,0.0,0.0,0.0,559.559,565.765,565.765,5.11,Customer
4192,562.662,0.0,0.0,0.0,0.0,0.0,0.0,566.066,2.3,Customer
4199,563.763,563.763,566.466,0.0,0.0,0.0,0.0,566.466,1.6,Customer
4233,567.467,0.0,0.0,0.0,0.0,567.467,568.668,568.668,0.1,Customer
4235,567.667,0.0,0.0,0.0,0.0,567.667,568.768,568.768,0.0,Customer
4193,562.762,0.0,0.0,0.0,0.0,0.0,0.0,569.169,5.31,Customer
4214,565.565,0.0,0.0,0.0,0.0,0.0,0.0,569.669,3.0,Customer
4244,569.869,0.0,0.0,0.0,0.0,569.869,573.373,573.373,2.4,Customer
4223,567.067,0.0,0.0,0.0,0.0,567.067,574.774,574.774,6.61,Customer
4256,572.272,0.0,0.0,0.0,0.0,572.272,576.176,576.176,2.8,Customer
4262,574.974,0.0,0.0,0.0,0.0,574.974,577.077,577.077,1.0,Customer
4266,576.176,0.0,0.0,0.0,0.0,576.176,577.277,577.277,0.0,Customer
4283,579.779,0.0,0.0,0.0,0.0,579.779,580.98,580.98,0.1,Customer
4259,573.773,0.0,0.0,0.0,0.0,573.773,584.584,584.584,9.71,Customer
4299,583.883,0.0,0.0,0.0,0.0,583.883,585.385,585.385,0.4,Customer
4296,581.881,0.0,0.0,0.0,0.0,581.881,587.187,587.187,4.2,Customer
4306,586.586,0.0,0.0,0.0,0.0,586.586,590.19,590.19,2.5,Customer
4293,581.581,0.0,0.0,0.0,0.0,581.581,590.69,590.69,8.01,Customer
4326,591.291,0.0,0.0,0.0,0.0,591.291,594.294,594.294,1.9,Customer
