Track ID,Role,Status,First Frame,Last Frame,First Timestamp,Last Timestamp,Age (frames),Age (seconds),Occlusion Count,Recovery Count,Current Zone,Trajectory Length,Total Distance,Avg Speed,Max Speed,Avg Direction
3442,Customer,ACTIVE,13500,17814,450.45,594.394,1424,142.4,7,7,Dining,1424,3929.1,27.3,8261.34,5.3
3638,Customer,ACTIVE,14349,17814,478.778,594.394,1103,110.3,16,16,Dining,1103,734.9,6.36,1190.27,-8.9
3722,Customer,ACTIVE,14670,17814,489.489,594.394,1033,103.3,6,6,Dining,1033,3091.3,29.47,4493.08,7.0
3945,Customer,ACTIVE,15576,17814,519.719,594.394,746,74.6,1,1,,746,827.4,11.08,3991.47,1.9
4062,Customer,ACTIVE,16197,17814,540.44,594.394,517,51.7,10,10,Dining,517,1335.2,24.75,4164.69,-8.4
4172,Customer,ACTIVE,16821,17814,561.261,594.394,327,32.7,2,2,,327,1088.8,32.86,4712.18,1.1
4245,Customer,ACTIVE,17091,17814,570.27,594.394,241,24.1,1,1,Dining,241,174.0,7.21,348.52,16.2
4298,Customer,ACTIVE,17487,17814,583.483,594.394,110,11.0,0,0,Dining,110,161.6,14.81,3840.9,5.0
4322,Customer,ACTIVE,17709,17814,590.89,594.394,36,3.6,0,0,Kitchen,36,26.2,7.49,303.28,20.7
4339,Customer,CONFIRMED,17793,17814,593.693,594.394,8,0.8,0,0,,8,3.4,4.91,74.09,0.0
4342,Customer,TEMP_OCCLUDED,17805,17805,594.094,594.094,1,0.1,1,0,Dining,1,0.0,0.0,0.0,0.0
6,Customer,ARCHIVED,45,105,1.502,3.504,21,2.1,1,0,,21,39.0,19.46,673.63,59.0
17,Customer,ARCHIVED,81,108,2.703,3.604,9,0.9,2,1,,9,150.2,166.69,3386.58,125.3
1,Customer,ARCHIVED,6,132,0.2,4.404,34,3.4,6,5,,34,86.4,20.55,1510.68,-6.5
42,Customer,ARCHIVED,156,162,5.205,5.405,3,0.3,1,0,,3,2.9,14.48,161.58,-32.5
9,Customer,ARCHIVED,60,189,2.002,6.306,44,4.4,1,0,,44,603.5,140.22,4883.07,60.0
44,Customer,ARCHIVED,198,219,6.607,7.307,5,0.5,3,2,,5,7.6,10.79,446.78,-94.6
66,Customer,ARCHIVED,234,243,7.808,8.108,4,0.4,1,0,,4,3.8,12.64,150.38,7.1
22,Customer,ARCHIVED,99,252,3.303,8.408,49,4.9,3,2,,49,49.7,9.73,1010.28,1.9
24,Customer,ARCHIVED,99,309,3.303,10.31,64,6.4,3,2,,64,65.0,9.28,889.89,-27.4
36,Customer,ARCHIVED,135,324,4.505,10.811,62,6.2,2,1,,62,975.1,154.62,5580.23,13.7
78,Customer,ARCHIVED,267,342,8.909,11.411,21,2.1,3,2,,21,144.3,57.68,4558.54,56.8
14,Customer,ARCHIVED,81,375,2.703,12.513,88,8.8,6,5,,88,132.2,13.48,879.98,14.4
50,Customer,ARCHIVED,201,387,6.707,12.913,46,4.6,7,6,,46,385.5,62.11,6771.36,2.9
49,Customer,ARCHIVED,201,405,6.707,13.514,69,6.9,1,0,,69,1190.6,174.92,7040.31,12.9
123,Customer,ARCHIVED,420,432,14.014,14.414,3,0.3,2,1,,3,86.2,215.24,4842.77,-82.3
77,Customer,ARCHIVED,288,435,9.61,14.514,28,2.8,6,5,,28,31.1,6.34,504.59,35.2
93,Customer,ARCHIVED,348,438,11.612,14.615,21,2.1,5,4,,21,287.4,95.7,5226.34,2.0
131,Customer,ARCHIVED,444,465,14.815,15.515,5,0.5,2,1,,5,73.8,105.26,4941.06,104.4
90,Customer,ARCHIVED,330,480,11.011,16.016,44,4.4,5,4,,44,26.5,5.29,315.11,27.9
127,Customer,ARCHIVED,432,489,14.414,16.316,16,1.6,3,2,,16,18.4,9.69,327.17,14.2
162,Customer,ARCHIVED,540,576,18.018,19.219,5,0.5,3,2,,5,3.1,2.61,173.04,-116.1
117,Customer,ARCHIVED,417,606,13.914,20.22,55,5.5,5,4,,55,213.8,33.91,6734.31,33.1
173,Customer,ARCHIVED,675,675,22.523,22.523,1,0.1,1,0,,1,0.0,0.0,0.0,0.0
156,Customer,ARCHIVED,516,702,17.217,23.423,53,5.3,5,4,,53,55.1,8.88,584.97,13.3
130,Customer,ARCHIVED,438,735,14.615,24.524,97,9.7,3,2,,97,510.1,51.48,4181.16,-1.0
176,Customer,ARCHIVED,708,780,23.624,26.026,25,2.5,1,0,,25,12.4,5.15,265.18,4.3
118,Customer,ARCHIVED,417,840,13.914,28.028,139,13.9,3,2,,139,126.5,8.96,590.44,-2.1
33,Staff,ARCHIVED,135,846,4.505,28.228,213,21.3,8,7,,213,2108.2,88.87,9005.62,2.4
190,Customer,ARCHIVED,825,846,27.527,28.228,5,0.5,3,2,,5,16.5,23.51,600.88,-5.1
178,Staff,ARCHIVED,738,876,24.625,29.229,42,4.2,3,2,,42,53.4,11.6,1118.1,10.5
188,Customer,ARCHIVED,783,915,26.126,30.53,44,4.4,2,1,,44,19.0,4.31,173.1,66.3
209,Customer,ARCHIVED,1074,1098,35.836,36.637,9,0.9,1,0,,9,8.1,10.09,232.6,29.0
210,Customer,ARCHIVED,1116,1134,37.237,37.838,6,0.6,2,1,,6,5.1,8.55,221.0,-53.2
212,Customer,ARCHIVED,1152,1194,38.438,39.84,10,1.0,3,2,,10,8.7,6.24,277.72,29.0
224,Customer,ARCHIVED,1242,1248,41.441,41.642,3,0.3,1,0,,3,5.4,27.21,489.61,175.1
231,Customer,ARCHIVED,1278,1305,42.643,43.544,10,1.0,1,0,,10,9.1,10.05,314.08,-123.4
243,Customer,ARCHIVED,1350,1368,45.045,45.646,7,0.7,1,0,,7,6.5,10.77,262.24,59.0
245,Customer,ARCHIVED,1374,1380,45.846,46.046,2,0.2,2,1,,2,4.5,22.29,446.24,-134.3
252,Customer,ARCHIVED,1443,1467,48.148,48.949,7,0.7,2,1,,7,5.6,6.99,175.6,2.2
265,Customer,ARCHIVED,1575,1683,52.553,56.156,24,2.4,5,4,,24,120.2,33.37,1346.23,8.8
281,Customer,ARCHIVED,1779,1785,59.359,59.559,3,0.3,1,0,,3,36.5,182.52,3345.55,66.2
297,Customer,ARCHIVED,1824,1869,60.861,62.362,15,1.5,2,1,,15,7.2,4.79,97.34,0.0
299,Customer,ARCHIVED,1842,1893,61.461,63.163,17,1.7,2,1,,17,13.6,7.99,262.71,14.1
313,Customer,ARCHIVED,1938,1980,64.665,66.066,14,1.4,2,1,,14,22.4,16.01,622.49,-23.3
324,Customer,ARCHIVED,2001,2001,66.767,66.767,1,0.1,1,0,,1,0.0,0.0,0.0,0.0
311,Customer,ARCHIVED,1938,2007,64.665,66.967,24,2.4,1,0,,24,11.3,4.93,179.71,-75.3
301,Customer,ARCHIVED,2031,2037,67.768,67.968,3,0.3,1,0,,3,6.7,33.29,339.93,56.9
331,Customer,ARCHIVED,2064,2079,68.869,69.369,6,0.6,1,0,,6,5.8,11.59,253.98,70.6
259,Customer,ARCHIVED,1542,2154,51.451,71.872,163,16.3,15,14,,163,146.0,7.15,794.02,-1.7
321,Customer,ARCHIVED,1977,2178,65.966,72.673,33,3.3,9,8,,33,160.4,23.91,2405.33,-15.8
275,Customer,ARCHIVED,1674,2235,55.856,74.575,167,16.7,9,8,,167,303.5,16.21,843.9,24.9
360,Customer,ARCHIVED,2229,2247,74.374,74.975,5,0.5,2,1,,5,2.2,3.61,148.23,85.7
362,Customer,ARCHIVED,2289,2310,76.376,77.077,7,0.7,2,1,,7,21.7,31.0,1045.84,31.8
384,Customer,ARCHIVED,2349,2349,78.378,78.378,1,0.1,1,0,,1,0.0,0.0,0.0,0.0
392,Customer,ARCHIVED,2364,2364,78.879,78.879,1,0.1,1,0,,1,0.0,0.0,0.0,0.0
352,Customer,ARCHIVED,2169,2397,72.372,79.98,76,7.6,2,1,,76,25.3,3.33,175.19,9.4
396,Customer,ARCHIVED,2412,2412,80.48,80.48,1,0.1,1,0,,1,0.0,0.0,0.0,0.0
391,Customer,ARCHIVED,2397,2472,79.98,82.482,14,1.4,5,4,,14,89.8,35.89,4666.87,66.0
387,Customer,ARCHIVED,2355,2499,78.579,83.383,49,4.9,1,0,,49,16.6,3.45,130.27,135.3
403,Customer,ARCHIVED,2478,2499,82.683,83.383,8,0.8,1,0,,8,1.6,2.34,39.95,0.0
412,Customer,ARCHIVED,2583,2619,86.186,87.387,13,1.3,1,0,,13,19.3,16.04,491.77,2.5
421,Customer,ARCHIVED,2829,2850,94.394,95.095,7,0.7,2,1,,7,30.8,43.93,1656.87,89.8
419,Customer,ARCHIVED,2826,2892,94.294,96.496,23,2.3,1,0,,23,14.8,6.72,285.09,26.9
427,Customer,ARCHIVED,2898,2898,96.697,96.697,1,0.1,1,0,,1,0.0,0.0,0.0,0.0
417,Customer,ARCHIVED,2907,2919,96.997,97.397,5,0.5,1,0,,5,8.8,22.0,443.94,92.2
457,Customer,ARCHIVED,3051,3063,101.802,102.202,5,0.5,1,0,,5,1.4,3.48,48.73,0.0
458,Customer,ARCHIVED,3075,3144,102.603,104.905,24,2.4,1,0,,24,9.4,4.1,173.03,-1.3
434,Customer,ARCHIVED,2955,3153,98.599,105.205,54,5.4,5,4,,54,55.0,8.33,883.16,-24.2
466,Customer,ARCHIVED,3189,3213,106.406,107.207,8,0.8,2,1,,8,50.0,62.5,1415.42,-73.6
473,Customer,ARCHIVED,3234,3252,107.908,108.508,6,0.6,2,1,,6,111.2,185.14,6905.46,59.6
474,Customer,ARCHIVED,3240,3276,108.108,109.309,11,1.1,2,1,,11,99.3,82.66,2737.35,-70.4
479,Customer,ARCHIVED,3261,3285,108.809,109.609,8,0.8,2,1,,8,12.1,15.14,404.87,-54.3
497,Customer,ARCHIVED,3318,3333,110.711,111.211,4,0.4,2,1,,4,19.0,37.89,1107.71,74.1
487,Customer,ARCHIVED,3309,3354,110.41,111.912,16,1.6,1,0,,16,41.0,27.33,774.78,-3.2
514,Customer,ARCHIVED,3423,3447,114.214,115.015,8,0.8,2,1,,8,18.3,22.8,819.68,13.1
505,Customer,ARCHIVED,3363,3510,112.212,117.117,48,4.8,3,2,,48,255.2,52.03,6249.08,8.7
547,Customer,ARCHIVED,3522,3522,117.517,117.517,1,0.1,1,0,,1,0.0,0.0,0.0,0.0
544,Customer,ARCHIVED,3519,3525,117.417,117.618,3,0.3,1,0,,3,36.7,183.53,2352.51,109.0
549,Customer,ARCHIVED,3537,3555,118.018,118.618,7,0.7,1,0,,7,52.5,87.47,1301.23,62.1
535,Customer,ARCHIVED,3504,3555,116.917,118.618,12,1.2,4,3,,12,122.1,71.73,4684.37,-14.4
480,Customer,ARCHIVED,3261,3621,108.809,120.821,99,9.9,8,7,,99,400.7,33.36,8213.81,37.6
545,Customer,ARCHIVED,3594,3648,119.92,121.722,8,0.8,4,3,,8,25.7,14.29,916.02,-31.5
556,Customer,ARCHIVED,3567,3696,119.019,123.323,25,2.5,5,4,,25,142.0,33.0,1948.49,-10.6
581,Customer,ARCHIVED,3696,3696,123.323,123.323,1,0.1,1,0,,1,0.0,0.0,0.0,0.0
572,Customer,ARCHIVED,3660,3702,122.122,123.523,8,0.8,3,2,,8,3.5,2.51,233.66,-101.9
595,Customer,ARCHIVED,3729,3738,124.424,124.725,4,0.4,1,0,,4,3.5,11.71,212.66,-13.1
600,Customer,ARCHIVED,3747,3750,125.025,125.125,2,0.2,1,0,,2,13.5,134.93,1350.62,-133.4
546,Customer,ARCHIVED,3525,3831,117.618,127.828,87,8.7,5,4,,87,22.2,2.17,105.96,-178.7
610,Customer,ARCHIVED,3774,3855,125.926,128.629,25,2.5,4,3,,25,49.1,18.16,664.86,4.0
574,Customer,ARCHIVED,3714,3861,123.924,128.829,42,4.2,6,5,,42,557.6,113.69,9691.98,-82.1
617,Customer,ARCHIVED,3807,3909,127.027,130.43,35,3.5,1,0,,35,153.1,44.98,3598.72,-21.1
633,Customer,ARCHIVED,3909,3921,130.43,130.831,3,0.3,2,1,,3,5.5,13.62,303.17,5.4
594,Customer,ARCHIVED,3726,3927,124.324,131.031,58,5.8,6,5,,58,853.4,127.25,8256.54,11.0
638,Customer,ARCHIVED,3960,3978,132.132,132.733,7,0.7,1,0,,7,48.1,80.09,1147.21,-18.7
642,Customer,ARCHIVED,3981,3990,132.833,133.133,3,0.3,2,1,,3,11.0,36.71,855.82,-152.8
621,Customer,ARCHIVED,3831,4098,127.828,136.737,87,8.7,3,2,,87,849.2,95.32,9277.49,-3.2
674,Customer,ARCHIVED,4104,4107,136.937,137.037,2,0.2,1,0,,2,1.6,15.97,159.89,32.7
661,Customer,ARCHIVED,4080,4113,136.136,137.237,9,0.9,2,1,,9,15.6,14.21,927.76,53.4
689,Customer,ARCHIVED,4152,4164,138.538,138.939,5,0.5,1,0,,5,68.0,169.94,3162.5,-1.2
616,Staff,ARCHIVED,3807,4182,127.027,139.539,111,11.1,5,4,,111,254.0,20.3,3974.64,5.5
696,Customer,ARCHIVED,4212,4227,140.54,141.041,2,0.2,2,1,,2,34.5,69.03,3454.99,38.5
729,Customer,ARCHIVED,4257,4266,142.042,142.342,4,0.4,1,0,,4,3.8,12.65,203.27,90.9
720,Customer,ARCHIVED,4233,4275,141.241,142.643,14,1.4,2,1,,14,27.0,19.24,687.98,22.7
669,Customer,ARCHIVED,4089,4287,136.436,143.043,65,6.5,2,1,,65,200.4,30.33,1848.83,3.4
668,Customer,ARCHIVED,4089,4326,136.436,144.344,73,7.3,5,4,,73,157.6,19.93,2005.51,-0.6
753,Customer,ARCHIVED,4374,4380,145.946,146.146,3,0.3,1,0,,3,0.6,3.02,38.71,0.0
709,Customer,ARCHIVED,4212,4401,140.54,146.847,62,6.2,3,2,,62,159.5,25.3,1334.05,-4.0
745,Customer,ARCHIVED,4428,4431,147.748,147.848,2,0.2,1,0,,2,8.0,80.14,802.19,61.8
742,Customer,ARCHIVED,4299,4479,143.443,149.449,56,5.6,2,1,,56,81.3,13.53,1571.36,10.1
762,Customer,ARCHIVED,4461,4485,148.849,149.649,8,0.8,2,1,,8,6.7,8.35,220.71,-19.6
765,Customer,ARCHIVED,4461,4485,148.849,149.649,7,0.7,2,1,,7,3.7,4.66,107.02,19.6
785,Customer,ARCHIVED,4563,4578,152.252,152.753,5,0.5,2,1,,5,22.8,45.61,1081.31,93.2
788,Customer,ARCHIVED,4575,4581,152.653,152.853,2,0.2,2,1,,2,10.1,50.26,1006.21,176.0
636,Customer,ARCHIVED,3930,4605,131.131,153.654,215,21.5,8,7,,215,1397.4,62.04,4441.99,-13.7
645,Customer,ARCHIVED,3996,4767,133.333,159.059,254,25.4,4,3,,254,1178.6,45.82,6421.39,22.6
824,Customer,ARCHIVED,4749,4785,158.458,159.66,4,0.4,3,2,,4,7.3,6.06,404.68,-87.1
794,Customer,ARCHIVED,4605,4803,153.654,160.26,66,6.6,2,1,,66,690.5,104.52,4749.24,-38.3
840,Customer,ARCHIVED,4848,4869,161.762,162.462,6,0.6,2,1,,6,5.5,7.87,317.33,-87.1
829,Customer,ARCHIVED,4785,4905,159.66,163.663,32,3.2,3,2,,32,356.3,88.99,6050.64,-57.6
845,Customer,ARCHIVED,4881,4908,162.863,163.764,10,1.0,1,0,,10,9.0,10.02,274.9,-148.1
860,Customer,ARCHIVED,4941,4974,164.865,165.966,8,0.8,3,2,,8,141.8,128.79,6834.12,-59.2
835,Customer,ARCHIVED,4812,5016,160.56,167.367,45,4.5,9,8,,45,275.9,40.54,3139.83,-18.4
871,Customer,ARCHIVED,4977,5019,166.066,167.467,15,1.5,1,0,,15,109.4,78.05,2459.61,-7.5
867,Customer,ARCHIVED,4986,5031,166.366,167.868,8,0.8,3,2,,8,11.1,7.37,233.23,11.8
884,Customer,ARCHIVED,5034,5046,167.968,168.368,5,0.5,1,0,,5,98.9,246.89,5156.78,30.9
870,Customer,ARCHIVED,4977,5055,166.066,168.668,27,2.7,1,0,,27,25.5,9.8,324.4,-1.6
885,Customer,ARCHIVED,5061,5061,168.869,168.869,1,0.1,1,0,,1,0.0,0.0,0.0,0.0
763,Customer,ARCHIVED,4434,5076,147.948,169.369,206,20.6,7,6,,206,1439.1,67.18,6715.47,1.3
886,Customer,ARCHIVED,5052,5103,168.568,170.27,15,1.5,4,3,,15,544.8,320.17,10449.86,6.0
787,Customer,ARCHIVED,4581,5109,152.853,170.47,157,15.7,16,15,,157,417.6,23.71,2343.62,4.1
898,Customer,ARCHIVED,5100,5115,170.17,170.671,5,0.5,2,1,,5,42.8,85.49,1902.29,-0.0
903,Customer,ARCHIVED,5118,5136,170.771,171.371,7,0.7,1,0,,7,19.6,32.58,538.65,-45.3
916,Customer,ARCHIVED,5169,5196,172.472,173.373,9,0.9,2,1,,9,26.1,28.98,631.48,-65.4
908,Customer,ARCHIVED,5142,5253,171.571,175.275,36,3.6,2,1,,36,83.1,22.44,1171.99,20.8
948,Customer,ARCHIVED,5271,5283,175.876,176.276,5,0.5,1,0,,5,32.1,80.15,1235.94,143.6
918,Customer,ARCHIVED,5175,5292,172.673,176.576,31,3.1,4,3,,31,141.2,36.16,9020.67,3.2
956,Customer,ARCHIVED,5304,5307,176.977,177.077,2,0.2,1,0,,2,2.9,28.63,286.58,-58.8
951,Customer,ARCHIVED,5280,5322,176.176,177.577,14,1.4,2,1,,14,240.1,171.3,4970.13,69.3
915,Customer,ARCHIVED,5181,5331,172.873,177.878,46,4.6,6,5,,46,297.6,59.47,4955.21,0.5
962,Customer,ARCHIVED,5313,5334,177.277,177.978,8,0.8,1,0,,8,39.2,55.91,1153.8,76.1
943,Customer,ARCHIVED,5259,5337,175.475,178.078,11,1.1,4,3,,11,62.7,24.08,1942.45,-42.8
888,Customer,ARCHIVED,5082,5343,169.569,178.278,85,8.5,3,2,,85,1156.0,132.74,6436.64,10.6
972,Customer,ARCHIVED,5361,5364,178.879,178.979,2,0.2,1,0,,2,1.6,15.71,157.29,103.2
960,Customer,ARCHIVED,5316,5409,177.377,180.48,30,3.0,2,1,,30,6.7,2.17,70.08,0.0
905,Customer,ARCHIVED,5124,5418,170.971,180.781,92,9.2,4,3,,92,23.9,2.44,190.73,46.4
1008,Customer,ARCHIVED,5427,5442,181.081,181.581,6,0.6,1,0,,6,5.3,10.65,269.44,-22.8
1003,Customer,ARCHIVED,5421,5469,180.881,182.482,17,1.7,1,0,,17,16.4,10.22,378.79,26.8
1023,Customer,ARCHIVED,5526,5529,184.384,184.484,2,0.2,1,0,,2,0.3,3.05,30.55,0.0
1030,Customer,ARCHIVED,5568,5568,185.786,185.786,1,0.1,1,0,,1,0.0,0.0,0.0,0.0
1033,Customer,ARCHIVED,5586,5586,186.386,186.386,1,0.1,1,0,,1,0.0,0.0,0.0,0.0
1031,Customer,ARCHIVED,5583,5601,186.286,186.887,6,0.6,2,1,,6,16.6,27.71,904.36,74.2
1028,Customer,ARCHIVED,5556,5685,185.385,189.69,34,3.4,2,1,,34,11.8,2.75,256.31,-93.9
1053,Customer,ARCHIVED,5910,5919,197.197,197.497,4,0.4,1,0,,4,3.4,11.24,118.73,-30.8
1001,Customer,ARCHIVED,5406,5967,180.38,199.099,167,16.7,6,5,,167,310.4,16.58,1142.15,11.9
1054,Customer,ARCHIVED,5925,5979,197.697,199.499,9,0.9,2,1,,9,1.7,0.94,73.23,0.0
1043,Customer,ARCHIVED,5844,6150,194.995,205.205,103,10.3,1,0,,103,575.8,56.39,4972.29,5.8
982,Customer,ARCHIVED,5352,6159,178.578,205.505,266,26.6,3,2,,266,498.7,18.52,1564.52,-7.2
1009,Customer,ARCHIVED,5430,6192,181.181,206.606,249,24.9,4,3,,249,337.1,13.26,4021.31,17.9
955,Staff,ARCHIVED,5298,6195,176.777,206.707,297,29.7,3,2,,297,1649.1,55.1,6987.56,11.1
981,Customer,ARCHIVED,5352,6228,178.578,207.808,291,29.1,3,2,,291,1608.3,55.02,11523.64,-9.7
1101,Customer,ARCHIVED,6228,6240,207.808,208.208,4,0.4,2,1,,4,83.3,207.92,5256.36,-10.0
1138,Customer,ARCHIVED,6366,6366,212.412,212.412,1,0.1,1,0,,1,0.0,0.0,0.0,0.0
1149,Customer,ARCHIVED,6381,6399,212.913,213.513,5,0.5,2,1,,5,1.7,2.81,68.22,0.0
1155,Customer,ARCHIVED,6414,6420,214.014,214.214,3,0.3,1,0,,3,2.9,14.49,155.28,-6.3
1165,Customer,ARCHIVED,6441,6441,214.915,214.915,1,0.1,1,0,,1,0.0,0.0,0.0,0.0
1104,Customer,ARCHIVED,6252,6471,208.608,215.916,72,7.2,2,1,,72,118.7,16.24,644.36,-3.2
1013,Customer,ARCHIVED,5445,6483,181.681,216.316,335,33.5,3,2,,335,1170.4,33.79,4492.47,4.4
1176,Customer,ARCHIVED,6513,6516,217.317,217.417,2,0.2,1,0,,2,2.5,25.44,254.65,60.2
1159,Customer,ARCHIVED,6423,6561,214.314,218.919,40,4.0,2,1,,40,37.2,8.07,445.37,48.7
1187,Customer,ARCHIVED,6612,6615,220.62,220.721,2,0.2,1,0,,2,8.6,85.57,856.58,-87.5
1202,Customer,ARCHIVED,6705,6750,223.724,225.225,14,1.4,2,1,,14,40.3,26.82,758.17,-44.1
1122,Customer,ARCHIVED,6363,6768,212.312,225.826,128,12.8,2,1,,128,99.4,7.35,583.28,21.5
1204,Customer,ARCHIVED,6741,6774,224.925,226.026,11,1.1,2,1,,11,6.6,5.99,182.31,17.9
1210,Customer,ARCHIVED,6843,6864,228.328,229.029,3,0.3,2,1,,3,21.3,30.37,1836.54,88.6
1213,Customer,ARCHIVED,6864,6867,229.029,229.129,2,0.2,1,0,,2,2.9,28.82,288.53,92.7
1221,Customer,ARCHIVED,6903,6945,230.33,231.732,11,1.1,3,2,,11,53.8,38.37,1191.51,42.0
1225,Customer,ARCHIVED,6939,6975,231.531,232.733,3,0.3,2,1,,3,3.4,2.83,292.07,-94.1
1235,Customer,ARCHIVED,6984,6990,233.033,233.233,2,0.2,2,1,,2,4.2,21.06,421.54,96.0
1238,Customer,ARCHIVED,6993,7011,233.333,233.934,6,0.6,2,1,,6,5.1,8.45,250.1,99.1
1130,Customer,ARCHIVED,6342,7074,211.611,236.036,228,22.8,7,6,,228,336.2,13.76,1531.65,-15.7
1226,Customer,ARCHIVED,6948,7113,231.832,237.337,44,4.4,7,6,,44,17.5,3.17,179.87,-8.2
1250,Customer,ARCHIVED,7092,7149,236.636,238.538,16,1.6,3,2,,16,18.3,9.63,518.11,78.3
1107,Customer,ARCHIVED,6270,7164,209.209,239.039,292,29.2,3,2,,292,382.1,12.81,3508.22,10.8
1265,Customer,ARCHIVED,7161,7167,238.939,239.139,3,0.3,1,0,,3,32.9,164.31,1658.59,-2.2
1292,Customer,ARCHIVED,7242,7260,241.641,242.242,7,0.7,1,0,,7,28.6,47.6,1007.53,-99.5
1285,Customer,ARCHIVED,7215,7263,240.74,242.342,10,1.0,3,2,,10,33.8,21.1,1328.82,47.8
1269,Customer,ARCHIVED,7185,7281,239.739,242.943,33,3.3,1,0,,33,486.2,151.8,6252.14,-9.4
1318,Customer,ARCHIVED,7284,7341,243.043,244.945,20,2.0,1,0,,20,356.5,187.45,8531.22,-57.2
1070,Customer,ARCHIVED,6120,7341,204.204,244.945,394,39.4,7,6,,394,1983.7,48.69,6615.3,16.3
1253,Customer,ARCHIVED,7131,7365,237.938,245.745,69,6.9,6,5,,69,1103.1,141.28,8378.09,-39.9
1316,Customer,ARCHIVED,7284,7386,243.043,246.446,29,2.9,3,2,,29,38.6,11.35,533.79,14.7
1044,Staff,ARCHIVED,5859,7398,195.495,246.847,512,51.2,3,2,,512,1902.0,37.04,5526.64,-8.2
1337,Customer,ARCHIVED,7341,7413,244.945,247.347,23,2.3,2,1,,23,414.0,172.32,7273.67,21.7
1370,Customer,ARCHIVED,7428,7443,247.848,248.348,3,0.3,2,1,,3,34.8,69.47,2470.95,154.0
1361,Customer,ARCHIVED,7407,7446,247.147,248.448,14,1.4,1,0,,14,15.7,12.04,415.33,-74.7
1242,Customer,ARCHIVED,7008,7446,233.834,248.448,131,13.1,5,4,,131,572.7,39.19,8205.01,2.1
1396,Customer,ARCHIVED,7452,7488,248.648,249.85,6,0.6,3,2,,6,12.1,10.04,424.49,-38.7
1319,Customer,ARCHIVED,7287,7503,243.143,250.35,72,7.2,2,1,,72,183.3,25.43,3037.51,-16.9
1346,Customer,ARCHIVED,7362,7509,245.645,250.55,49,4.9,2,1,,49,359.3,73.26,3321.89,-0.0
1414,Customer,ARCHIVED,7548,7599,251.852,253.553,11,1.1,4,3,,11,12.5,7.33,242.53,18.6
1286,Customer,ARCHIVED,7218,7638,240.841,254.855,141,14.1,1,0,,141,234.8,16.75,4408.45,-3.1
1375,Customer,ARCHIVED,7425,7743,247.748,258.358,94,9.4,3,2,,94,187.0,17.62,2092.39,-7.8
1457,Customer,ARCHIVED,7815,7833,260.76,261.361,7,0.7,1,0,,7,4.3,7.18,166.72,24.5
1469,Customer,ARCHIVED,7851,7899,261.962,263.563,17,1.7,1,0,,17,16.8,10.51,365.4,31.0
1472,Customer,ARCHIVED,7893,7905,263.363,263.764,5,0.5,1,0,,5,3.1,7.69,167.42,87.1
1483,Customer,ARCHIVED,7944,7944,265.065,265.065,1,0.1,1,0,,1,0.0,0.0,0.0,0.0
1484,Customer,ARCHIVED,7932,7947,264.664,265.165,4,0.4,2,1,,4,6.4,12.74,313.25,-12.8
1294,Customer,ARCHIVED,7233,7965,241.341,265.766,244,24.4,2,1,,244,1514.1,61.99,5809.64,12.3
1434,Customer,ARCHIVED,7695,7989,256.757,266.566,97,9.7,3,2,,97,179.9,18.34,1529.16,32.8
1491,Customer,ARCHIVED,7977,7995,266.166,266.767,7,0.7,1,0,,7,111.2,185.11,4253.13,67.2
1494,Customer,ARCHIVED,7986,8004,266.466,267.067,7,0.7,1,0,,7,63.6,105.83,1588.66,-7.4
1497,Customer,ARCHIVED,8013,8028,267.367,267.868,6,0.6,1,0,,6,107.7,215.28,2805.89,107.3
1489,Customer,ARCHIVED,7971,8061,265.966,268.969,25,2.5,2,1,,25,62.2,20.71,1255.14,-13.2
1510,Customer,ARCHIVED,8058,8094,268.869,270.07,10,1.0,3,2,,10,186.1,154.96,3472.91,136.7
1398,Customer,ARCHIVED,7455,8115,248.749,270.771,204,20.4,4,3,,204,541.2,24.57,6600.25,25.6
1530,Customer,ARCHIVED,8136,8145,271.471,271.772,3,0.3,2,1,,3,11.4,37.85,861.29,103.5
1531,Customer,ARCHIVED,8136,8151,271.471,271.972,6,0.6,1,0,,6,3.1,6.12,122.33,-92.1
1524,Customer,ARCHIVED,8160,8160,272.272,272.272,1,0.1,1,0,,1,0.0,0.0,0.0,0.0
1533,Customer,ARCHIVED,8148,8190,271.872,273.273,13,1.3,2,1,,13,3.5,2.47,104.18,37.2
1381,Customer,ARCHIVED,7428,8205,247.848,273.774,235,23.5,8,7,,235,677.4,26.13,7806.54,10.7
1515,Staff,ARCHIVED,8085,8226,269.769,274.474,32,3.2,5,4,,32,47.9,10.18,948.11,-17.5
1475,Customer,ARCHIVED,7917,8283,264.164,276.376,104,10.4,5,4,,104,105.0,8.6,493.72,36.0
1570,Customer,ARCHIVED,8289,8301,276.576,276.977,5,0.5,1,0,,5,90.1,224.95,2378.04,-0.1
1408,Staff,ARCHIVED,7512,8310,250.65,277.277,248,24.8,7,6,,248,787.7,29.58,2300.46,-14.5
1332,Customer,ARCHIVED,7320,8319,244.244,277.577,297,29.7,20,19,,297,489.0,14.67,1511.27,10.4
1584,Customer,ARCHIVED,8343,8358,278.378,278.879,2,0.2,2,1,,2,9.4,18.85,943.69,-119.3
1559,Customer,ARCHIVED,8259,8373,275.575,279.379,25,2.5,6,5,,25,26.0,6.84,423.55,32.6
1619,Customer,ARCHIVED,8499,8514,283.583,284.084,3,0.3,2,1,,3,27.1,54.14,2506.41,91.7
1577,Customer,ARCHIVED,8313,8547,277.377,285.185,78,7.8,2,1,,78,773.8,99.1,6639.62,25.6
1628,Customer,ARCHIVED,8517,8640,284.184,288.288,27,2.7,4,3,,27,4.6,1.12,113.71,122.7
1645,Customer,ARCHIVED,8619,8640,287.587,288.288,8,0.8,1,0,,8,29.6,42.29,1181.07,117.1
1647,Customer,ARCHIVED,8655,8667,288.788,289.189,4,0.4,2,1,,4,23.8,59.56,2044.74,93.5
1640,Customer,ARCHIVED,8598,8682,286.887,289.689,14,1.4,5,4,,14,27.5,9.81,727.74,-8.3
1649,Customer,ARCHIVED,8658,8694,288.889,290.09,10,1.0,2,1,,10,5.0,4.17,126.49,-10.6
1663,Customer,ARCHIVED,8724,8724,291.091,291.091,1,0.1,1,0,,1,0.0,0.0,0.0,0.0
1650,Customer,ARCHIVED,8661,8727,288.989,291.191,23,2.3,1,0,,23,84.9,38.54,744.43,-56.4
1661,Customer,ARCHIVED,8694,8781,290.09,292.993,30,3.0,1,0,,30,53.1,18.29,931.34,-45.9
1677,Customer,ARCHIVED,8820,8820,294.294,294.294,1,0.1,1,0,,1,0.0,0.0,0.0,0.0
1678,Customer,ARCHIVED,8823,8832,294.394,294.694,4,0.4,1,0,,4,11.9,39.46,638.11,-45.8
1572,Staff,ARCHIVED,8298,8883,276.877,296.396,193,19.3,4,3,,193,476.2,24.39,1386.65,-6.0
1674,Customer,ARCHIVED,8811,8901,293.994,296.997,9,0.9,5,4,,9,11.5,3.84,427.8,-42.3
1687,Customer,ARCHIVED,8928,8937,297.898,298.198,4,0.4,1,0,,4,3.3,11.12,160.98,-159.9
1667,Customer,ARCHIVED,8763,8958,292.392,298.899,41,4.1,6,5,,41,36.9,5.67,596.4,-31.7
1671,Customer,ARCHIVED,8811,8958,293.994,298.899,48,4.8,2,1,,48,7.6,1.55,77.65,0.0
1696,Customer,ARCHIVED,8943,8970,298.398,299.299,10,1.0,1,0,,10,21.8,24.2,589.91,66.9
1571,Customer,ARCHIVED,8283,8979,276.376,299.599,222,22.2,8,7,,222,1031.6,44.42,5403.4,3.8
1362,Customer,ARCHIVED,7404,8988,247.047,299.9,524,52.4,3,2,,524,859.8,16.27,5023.55,9.8
1541,Customer,ARCHIVED,8157,9027,272.172,301.201,291,29.1,1,0,,291,545.7,18.8,2658.08,4.4
1708,Customer,ARCHIVED,8991,9042,300.0,301.701,18,1.8,1,0,,18,112.8,66.3,1792.38,16.8
1716,Customer,ARCHIVED,9057,9057,302.202,302.202,1,0.1,1,0,,1,0.0,0.0,0.0,0.0
1633,Customer,ARCHIVED,8532,9072,284.684,302.702,179,17.9,2,1,,179,971.1,53.89,2908.76,1.5
1712,Customer,ARCHIVED,9006,9081,300.5,303.003,19,1.9,2,1,,19,45.7,18.28,1397.31,3.5
1723,Customer,ARCHIVED,9045,9084,301.802,303.103,14,1.4,1,0,,14,24.9,19.17,618.06,56.9
1669,Customer,ARCHIVED,8775,9090,292.793,303.303,104,10.4,3,2,,104,997.7,94.92,4263.92,-1.6
1740,Customer,ARCHIVED,9096,9102,303.503,303.703,3,0.3,1,0,,3,9.0,44.91,462.16,-10.1
1746,Customer,ARCHIVED,9138,9168,304.905,305.906,8,0.8,3,2,,8,5.8,5.75,346.13,12.6
1596,Customer,ARCHIVED,8445,9174,281.781,306.106,207,20.7,13,12,,207,251.8,10.35,848.65,-24.3
1506,Customer,ARCHIVED,8052,9207,268.668,307.207,363,36.3,8,7,,363,1315.0,34.12,7593.77,5.4
1756,Customer,ARCHIVED,9165,9216,305.805,307.507,14,1.4,5,4,,14,423.6,248.94,8180.68,-109.8
1773,Customer,ARCHIVED,9225,9225,307.808,307.808,1,0.1,1,0,,1,0.0,0.0,0.0,0.0
1785,Customer,ARCHIVED,9279,9279,309.609,309.609,1,0.1,1,0,,1,0.0,0.0,0.0,0.0
1794,Customer,ARCHIVED,9306,9315,310.51,310.81,4,0.4,1,0,,4,90.0,299.69,3224.6,-26.6
1710,Customer,ARCHIVED,9051,9324,302.002,311.111,87,8.7,3,2,,87,44.1,4.84,197.28,-0.3
1797,Customer,ARCHIVED,9318,9336,310.911,311.511,7,0.7,1,0,,7,2.8,4.59,148.61,-10.3
1811,Customer,ARCHIVED,9360,9405,312.312,313.814,13,1.3,3,2,,13,24.3,16.19,344.13,35.8
1823,Customer,ARCHIVED,9378,9417,312.913,314.214,12,1.2,2,1,,12,19.2,14.76,272.2,14.3
1787,Customer,ARCHIVED,9291,9453,310.01,315.415,45,4.5,3,2,,45,44.5,8.23,411.48,48.9
1845,Customer,ARCHIVED,9453,9549,315.415,318.618,32,3.2,2,1,,32,515.7,160.99,6660.21,19.7
1821,Customer,ARCHIVED,9366,9558,312.512,318.919,65,6.5,1,0,,65,659.4,102.92,6631.29,15.6
1863,Customer,ARCHIVED,9483,9597,316.416,320.22,33,3.3,3,2,,33,11.4,3.0,144.42,-93.2
1877,Customer,ARCHIVED,9600,9609,320.32,320.62,4,0.4,1,0,,4,16.7,55.65,868.23,-31.8
1878,Customer,ARCHIVED,9600,9615,320.32,320.82,6,0.6,1,0,,6,18.8,37.52,608.1,-8.3
1866,Customer,ARCHIVED,9513,9645,317.417,321.822,45,4.5,1,0,,45,47.5,10.78,411.46,-33.4
1883,Customer,ARCHIVED,9645,9645,321.822,321.822,1,0.1,1,0,,1,0.0,0.0,0.0,0.0
1889,Customer,ARCHIVED,9651,9657,322.022,322.222,3,0.3,1,0,,3,2.8,13.87,213.41,86.4
1843,Customer,ARCHIVED,9450,9666,315.315,322.522,71,7.1,3,2,,71,38.5,5.34,342.29,-29.6
1895,Customer,ARCHIVED,9663,9684,322.422,323.123,4,0.4,2,1,,4,32.1,45.74,1447.11,6.9
1774,Customer,ARCHIVED,9234,9705,308.108,323.824,139,13.9,9,8,,139,398.2,25.34,6305.13,12.4
1911,Customer,ARCHIVED,9726,9738,324.524,324.925,5,0.5,1,0,,5,16.9,42.24,729.78,-93.2
1881,Staff,ARCHIVED,9627,9750,321.221,325.325,42,4.2,1,0,,42,71.0,17.3,1240.99,-36.8
1907,Customer,ARCHIVED,9714,9765,324.124,325.826,18,1.8,1,0,,18,348.2,204.63,2918.37,-7.5
1928,Customer,ARCHIVED,9771,9774,326.026,326.126,2,0.2,1,0,,2,1.4,14.01,140.19,81.8
1933,Customer,ARCHIVED,9801,9801,327.027,327.027,1,0.1,1,0,,1,0.0,0.0,0.0,0.0
1906,Customer,ARCHIVED,9720,9819,324.324,327.627,30,3.0,2,1,,30,152.8,46.24,1722.63,7.8
1936,Customer,ARCHIVED,9819,9825,327.627,327.827,3,0.3,1,0,,3,2.6,13.16,190.09,68.6
1930,Customer,ARCHIVED,9783,9840,326.426,328.328,16,1.6,3,2,,16,25.1,13.2,417.76,-45.8
1925,Staff,ARCHIVED,9762,9918,325.725,330.931,37,3.7,4,3,,37,36.5,7.0,342.43,6.6
1904,Customer,ARCHIVED,9729,9975,324.624,332.832,69,6.9,4,3,,69,41.8,5.1,495.48,42.8
1972,Customer,ARCHIVED,9984,9984,333.133,333.133,1,0.1,1,0,,1,0.0,0.0,0.0,0.0
1948,Customer,ARCHIVED,9852,10035,328.728,334.834,41,4.1,8,7,,41,45.7,7.48,1005.24,-3.7
2000,Customer,ARCHIVED,10041,10059,335.035,335.635,7,0.7,1,0,,7,8.2,13.61,320.41,55.9
1951,Customer,ARCHIVED,9951,10122,332.032,337.737,48,4.8,2,1,,48,87.2,15.29,1151.65,-26.7
2011,Customer,ARCHIVED,10068,10122,335.936,337.737,11,1.1,5,4,,11,51.4,28.51,1390.74,4.5
2018,Customer,ARCHIVED,10131,10158,338.038,338.939,6,0.6,2,1,,6,49.8,55.33,1519.34,-104.0
2060,Customer,ARCHIVED,10167,10167,339.239,339.239,1,0.1,1,0,,1,0.0,0.0,0.0,0.0
2073,Customer,ARCHIVED,10194,10209,340.14,340.64,6,0.6,1,0,,6,8.3,16.66,356.97,-40.6
1851,Staff,ARCHIVED,9465,10236,315.815,341.541,217,21.7,19,18,,217,802.4,31.19,3156.41,-9.2
2123,Customer,ARCHIVED,10275,10281,342.843,343.043,3,0.3,1,0,,3,2.1,10.56,127.37,-30.5
2090,Customer,ARCHIVED,10233,10302,341.441,343.743,11,1.1,4,3,,11,27.7,12.05,592.16,4.8
1741,Customer,ARCHIVED,9099,10317,303.603,344.244,397,39.7,5,4,,397,1411.7,34.74,8170.08,-2.6
2095,Customer,ARCHIVED,10239,10323,341.641,344.444,29,2.9,1,0,,29,25.1,8.94,553.77,-22.2
2149,Customer,ARCHIVED,10308,10341,343.944,345.045,3,0.3,3,2,,3,13.5,12.25,850.29,1.6
2177,Customer,ARCHIVED,10347,10347,345.245,345.245,1,0.1,1,0,,1,0.0,0.0,0.0,0.0
2062,Customer,ARCHIVED,10179,10347,339.639,345.245,33,3.3,7,6,,33,502.1,89.57,11105.82,55.7
2102,Customer,ARCHIVED,10245,10350,341.841,345.345,22,2.2,7,6,,22,181.6,51.83,4177.99,-0.1
2077,Customer,ARCHIVED,10197,10353,340.24,345.445,38,3.8,4,3,,38,21.0,4.03,212.61,-10.0
2151,Customer,ARCHIVED,10323,10353,344.444,345.445,2,0.2,2,1,,2,9.5,9.52,952.64,52.3
2105,Customer,ARCHIVED,10242,10371,341.741,346.046,37,3.7,5,4,,37,616.5,143.24,4674.99,-43.5
2039,Customer,ARCHIVED,10110,10386,337.337,346.546,89,8.9,4,3,,89,810.4,88.0,3960.84,-0.8
2174,Customer,ARCHIVED,10347,10407,345.245,347.247,10,1.0,5,4,,10,66.5,33.22,2555.0,30.3
2207,Customer,ARCHIVED,10395,10416,346.846,347.547,8,0.8,1,0,,8,131.1,187.11,3850.95,-21.7
2206,Customer,ARCHIVED,10395,10422,346.846,347.747,7,0.7,3,2,,7,76.9,85.4,4013.89,-3.7
2238,Customer,ARCHIVED,10464,10467,349.149,349.249,2,0.2,1,0,,2,2.6,25.84,258.62,-74.9
2228,Customer,ARCHIVED,10434,10476,348.148,349.549,13,1.3,2,1,,13,12.7,9.08,195.98,-16.4
2224,Customer,ARCHIVED,10431,10479,348.048,349.649,17,1.7,1,0,,17,251.2,156.83,2614.39,77.9
2133,Customer,ARCHIVED,10290,10491,343.343,350.05,67,6.7,2,1,,67,265.3,39.55,1119.21,17.0
2231,Customer,ARCHIVED,10446,10506,348.548,350.55,14,1.4,2,1,,14,23.9,11.94,561.43,17.9
2226,Customer,ARCHIVED,10434,10518,348.148,350.951,19,1.9,3,2,,19,37.8,13.48,711.15,-20.1
2248,Customer,ARCHIVED,10482,10527,349.749,351.251,13,1.3,4,3,,13,4.7,3.15,113.41,-140.6
2286,Customer,ARCHIVED,10581,10593,353.053,353.453,5,0.5,1,0,,5,9.8,24.58,574.07,8.3
2254,Customer,ARCHIVED,10506,10623,350.55,354.454,21,2.1,3,2,,21,11.3,2.9,202.78,98.8
2307,Customer,ARCHIVED,10644,10650,355.155,355.355,3,0.3,1,0,,3,4.6,22.83,239.94,-97.5
2266,Customer,ARCHIVED,10542,10656,351.751,355.555,38,3.8,2,1,,38,26.6,7.01,418.58,0.4
2251,Customer,ARCHIVED,10554,10665,352.152,355.856,33,3.3,4,3,,33,141.1,38.11,4034.38,2.4
2294,Customer,ARCHIVED,10662,10725,355.755,357.858,12,1.2,2,1,,12,17.6,8.39,463.96,2.9
2269,Customer,ARCHIVED,10545,10746,351.851,358.558,58,5.8,4,3,,58,108.9,16.24,748.28,7.5
2345,Customer,ARCHIVED,10719,10779,357.657,359.659,10,1.0,3,2,,10,33.7,16.82,784.06,43.2
2366,Customer,ARCHIVED,10770,10785,359.359,359.86,6,0.6,1,0,,6,12.9,25.87,514.14,-46.0
2347,Customer,ARCHIVED,10731,10818,358.058,360.961,30,3.0,1,0,,30,10.1,3.48,137.12,97.4
2311,Customer,ARCHIVED,10650,10824,355.355,361.161,59,5.9,1,0,,59,81.4,14.02,874.87,48.4
2326,Customer,ARCHIVED,10671,10836,356.056,361.561,53,5.3,4,3,,53,137.6,25.0,7223.4,51.6
2375,Customer,ARCHIVED,10818,10842,360.961,361.761,8,0.8,2,1,,8,35.1,43.85,1080.25,-1.7
2398,Customer,ARCHIVED,10851,10851,362.062,362.062,1,0.1,1,0,,1,0.0,0.0,0.0,0.0
2142,Customer,ARCHIVED,10299,10947,343.643,365.265,211,21.1,2,1,,211,356.0,16.47,3930.3,5.6
2441,Customer,ARCHIVED,10941,10956,365.065,365.565,5,0.5,2,1,,5,24.3,48.65,1551.86,-47.4
1711,Staff,ARCHIVED,9003,10965,300.4,365.865,642,64.2,10,9,,642,2438.8,37.25,5034.53,6.1
2464,Customer,ARCHIVED,10965,10986,365.865,366.566,7,0.7,2,1,,7,32.2,46.01,1570.09,-2.6
2504,Customer,ARCHIVED,11013,11016,367.467,367.567,2,0.2,1,0,,2,11.9,119.15,1192.67,-68.6
2381,Customer,ARCHIVED,10842,11040,361.761,368.368,54,5.4,9,8,,54,429.7,65.04,4942.44,15.7
2513,Customer,ARCHIVED,11025,11040,367.868,368.368,6,0.6,1,0,,6,34.3,68.5,1522.48,-54.9
2510,Customer,ARCHIVED,11019,11043,367.667,368.468,9,0.9,1,0,,9,2.0,2.51,51.19,0.0
2526,Customer,ARCHIVED,11058,11070,368.969,369.369,2,0.2,2,1,,2,1.4,3.54,141.74,167.8
2527,Customer,ARCHIVED,11061,11088,369.069,369.97,10,1.0,1,0,,10,22.1,24.5,494.14,8.8
2157,Customer,ARCHIVED,10326,11091,344.544,370.07,247,24.7,6,5,,247,1167.6,45.74,6534.35,3.4
2512,Customer,ARCHIVED,11094,11094,370.17,370.17,1,0.1,1,0,,1,0.0,0.0,0.0,0.0
2505,Customer,ARCHIVED,11016,11100,367.567,370.37,29,2.9,1,0,,29,19.3,6.89,266.05,51.5
2514,Customer,ARCHIVED,11043,11130,368.468,371.371,10,1.0,6,5,,10,15.5,5.34,460.47,-8.8
2548,Customer,ARCHIVED,11112,11133,370.77,371.471,8,0.8,1,0,,8,8.9,12.67,331.31,126.5
2529,Customer,ARCHIVED,11070,11163,369.369,372.472,32,3.2,1,0,,32,55.9,18.02,631.22,18.5
2565,Customer,ARCHIVED,11190,11190,373.373,373.373,1,0.1,1,0,,1,0.0,0.0,0.0,0.0
2551,Customer,ARCHIVED,11136,11223,371.571,374.474,27,2.7,2,1,,27,47.1,16.24,745.06,-23.7
2561,Customer,ARCHIVED,11178,11238,372.973,374.975,11,1.1,4,3,,11,50.4,25.15,2851.54,-70.8
2540,Customer,ARCHIVED,11097,11244,370.27,375.175,45,4.5,2,1,,45,15.1,3.07,109.22,-135.3
2586,Customer,ARCHIVED,11268,11286,375.976,376.576,4,0.4,3,2,,4,7.3,12.19,557.3,6.1
2579,Customer,ARCHIVED,11241,11292,375.075,376.776,18,1.8,1,0,,18,19.0,11.15,400.23,-25.6
2183,Customer,ARCHIVED,10353,11295,345.445,376.877,299,29.9,10,9,,299,1080.5,34.38,3085.43,23.1
2545,Customer,ARCHIVED,11097,11337,370.27,378.278,59,5.9,9,8,,59,358.0,44.71,4793.9,14.6
2605,Customer,ARCHIVED,11319,11373,377.677,379.479,19,1.9,1,0,,19,9.1,5.02,184.06,34.2
2633,Customer,ARCHIVED,11442,11472,381.781,382.782,6,0.6,3,2,,6,26.2,26.18,1906.24,106.8
2519,Customer,ARCHIVED,11043,11493,368.468,383.483,138,13.8,10,9,,138,749.6,49.92,3965.55,8.6
2388,Staff,ARCHIVED,10827,11508,361.261,383.984,228,22.8,1,0,,228,1076.2,47.36,6568.1,7.6
2636,Customer,ARCHIVED,11478,11523,382.983,384.484,8,0.8,2,1,,8,8.7,5.81,230.79,-3.1
2671,Customer,ARCHIVED,11538,11556,384.985,385.585,7,0.7,1,0,,7,1.4,2.25,33.26,0.0
2630,Customer,ARCHIVED,11436,11562,381.581,385.785,24,2.4,6,5,,24,70.2,16.7,929.22,-22.7
2665,Customer,ARCHIVED,11532,11565,384.784,385.885,12,1.2,1,0,,12,19.0,17.24,420.97,-51.5
2655,Customer,ARCHIVED,11520,11568,384.384,385.986,10,1.0,2,1,,10,8.2,5.12,214.79,6.8
2660,Customer,ARCHIVED,11517,11571,384.284,386.086,19,1.9,1,0,,19,255.4,141.76,4109.26,-19.5
2498,Customer,ARCHIVED,11007,11580,367.267,386.386,154,15.4,17,16,,154,470.5,24.61,3871.21,-16.6
2668,Customer,ARCHIVED,11535,11583,384.885,386.486,17,1.7,1,0,,17,67.4,42.1,2899.08,74.0
2677,Customer,ARCHIVED,11550,11589,385.385,386.686,13,1.3,2,1,,13,94.5,72.65,4662.74,15.3
2683,Customer,ARCHIVED,11592,11607,386.786,387.287,3,0.3,2,1,,3,33.7,67.25,1883.24,-34.5
2692,Customer,ARCHIVED,11610,11625,387.387,387.887,2,0.2,2,1,,2,9.7,19.34,967.79,134.5
2687,Customer,ARCHIVED,11610,11673,387.387,389.489,20,2.0,3,2,,20,24.7,11.75,428.56,42.2
2730,Customer,ARCHIVED,11709,11763,390.69,392.492,19,1.9,1,0,,19,34.9,19.38,524.99,-52.2
2682,Customer,ARCHIVED,11586,11802,386.586,393.793,66,6.6,5,4,,66,948.5,131.61,7773.4,22.9
2764,Customer,ARCHIVED,11796,11829,393.593,394.694,7,0.7,2,1,,7,42.7,38.81,1487.26,75.3
2752,Customer,ARCHIVED,11772,11832,392.792,394.794,11,1.1,2,1,,11,22.4,11.18,462.35,8.5
2772,Customer,ARCHIVED,11796,11838,393.593,394.995,15,1.5,1,0,,15,67.7,48.29,1210.09,-7.6
2619,Customer,ARCHIVED,11391,11844,380.08,395.195,152,15.2,1,0,,152,1247.1,82.51,5152.62,0.1
2701,Customer,ARCHIVED,11625,11847,387.887,395.295,74,7.4,2,1,,74,1179.6,159.24,7170.73,12.6
2727,Staff,ARCHIVED,11700,11853,390.39,395.495,39,3.9,4,3,,39,124.9,24.47,1824.0,0.9
1803,Customer,ARCHIVED,9330,11853,311.311,395.495,836,83.6,4,3,,836,3392.0,40.29,8544.76,-4.9
2785,Customer,ARCHIVED,11838,11868,394.995,395.996,10,1.0,2,1,,10,199.0,198.77,3916.47,23.9
2721,Customer,ARCHIVED,11688,11871,389.99,396.096,62,6.2,1,0,,62,129.3,21.17,2233.36,-16.4
2774,Customer,ARCHIVED,11805,11874,393.894,396.196,15,1.5,4,3,,15,10.7,4.63,226.5,-27.4
2747,Customer,ARCHIVED,11766,11883,392.592,396.496,26,2.6,4,3,,26,20.1,5.15,478.36,-27.0
2811,Customer,ARCHIVED,11949,11970,398.698,399.399,8,0.8,1,0,,8,8.2,11.65,198.16,-8.9
2794,Customer,ARCHIVED,11895,11979,396.897,399.699,29,2.9,1,0,,29,57.2,20.41,1339.13,-3.4
2820,Customer,ARCHIVED,11988,11988,400.0,400.0,1,0.1,1,0,,1,0.0,0.0,0.0,0.0
2728,Customer,ARCHIVED,11700,11997,390.39,400.3,93,9.3,4,3,,93,109.1,11.01,520.38,12.3
2797,Customer,ARCHIVED,11907,12021,397.297,401.101,28,2.8,5,4,,28,241.7,63.54,4024.22,-3.9
2815,Customer,ARCHIVED,11967,12021,399.299,401.101,19,1.9,1,0,,19,30.4,16.86,882.5,-30.8
2789,Customer,ARCHIVED,11868,12024,395.996,401.201,53,5.3,1,0,,53,86.6,16.64,593.24,14.6
2365,Staff,ARCHIVED,10770,12060,359.359,402.402,431,43.1,1,0,,431,1399.0,32.5,3373.04,5.9
2790,Customer,ARCHIVED,11871,12060,396.096,402.402,60,6.0,4,3,,60,553.4,87.76,6008.22,22.0
2831,Customer,ARCHIVED,12048,12060,402.002,402.402,5,0.5,1,0,,5,51.9,129.51,2128.72,82.9
2839,Customer,ARCHIVED,12090,12114,403.403,404.204,3,0.3,2,1,,3,21.2,26.47,1927.9,-66.3
2810,Customer,ARCHIVED,11949,12126,398.698,404.604,52,5.2,5,4,,52,33.0,5.58,369.05,38.0
2837,Customer,ARCHIVED,12081,12138,403.103,405.005,20,2.0,1,0,,20,7.2,3.78,83.56,0.0
2762,Customer,ARCHIVED,11781,12192,393.093,406.806,125,12.5,5,4,,125,1031.1,75.19,7093.6,8.7
2877,Customer,ARCHIVED,12213,12228,407.507,408.008,6,0.6,1,0,,6,11.2,22.39,284.01,51.1
2864,Customer,ARCHIVED,12171,12231,406.106,408.108,21,2.1,1,0,,21,10.2,5.09,116.08,119.1
2898,Customer,ARCHIVED,12234,12252,408.208,408.808,4,0.4,2,1,,4,83.0,138.22,4928.8,20.1
2880,Customer,ARCHIVED,12201,12270,407.107,409.409,17,1.7,2,1,,17,12.0,5.2,186.79,-1.5
2829,Customer,ARCHIVED,12036,12273,401.601,409.509,74,7.4,4,3,,74,1301.9,164.63,6540.96,20.5
2857,Customer,ARCHIVED,12168,12279,406.006,409.709,35,3.5,2,1,,35,82.4,22.25,936.77,-0.3
2539,Customer,ARCHIVED,11097,12282,370.27,409.809,391,39.1,5,4,,391,2237.8,56.6,7275.52,5.3
2926,Customer,ARCHIVED,12282,12282,409.809,409.809,1,0.1,1,0,,1,0.0,0.0,0.0,0.0
2900,Customer,ARCHIVED,12234,12288,408.208,410.01,14,1.4,5,4,,14,139.9,77.62,3341.05,3.6
2881,Customer,ARCHIVED,12198,12291,407.007,410.11,13,1.3,5,4,,13,134.5,43.34,2293.57,94.9
2861,Customer,ARCHIVED,12159,12306,405.705,410.61,41,4.1,4,3,,41,399.7,81.49,6377.11,-16.2
2890,Customer,ARCHIVED,12312,12312,410.81,410.81,1,0.1,1,0,,1,0.0,0.0,0.0,0.0
2942,Customer,ARCHIVED,12309,12327,410.71,411.311,5,0.5,2,1,,5,2.1,3.51,86.68,0.0
2945,Customer,ARCHIVED,12309,12339,410.71,411.711,8,0.8,2,1,,8,21.2,21.17,509.86,-9.7
2948,Customer,ARCHIVED,12324,12357,411.211,412.312,7,0.7,4,3,,7,132.5,120.32,4753.96,22.7
2853,Customer,ARCHIVED,12156,12369,405.605,412.712,48,4.8,8,7,,48,563.7,79.31,7852.38,12.0
2960,Customer,ARCHIVED,12345,12375,411.911,412.913,7,0.7,2,1,,7,12.2,12.19,397.56,79.9
2987,Customer,ARCHIVED,12375,12390,412.913,413.413,6,0.6,1,0,,6,46.4,92.79,1398.18,-120.2
2976,Customer,ARCHIVED,12357,12399,412.312,413.713,6,0.6,2,1,,6,8.1,5.78,307.34,34.1
2993,Customer,ARCHIVED,12387,12399,413.313,413.713,3,0.3,2,1,,3,13.4,33.39,999.63,82.3
2922,Customer,ARCHIVED,12276,12402,409.609,413.813,29,2.9,7,6,,29,43.6,10.38,518.9,20.4
3001,Customer,ARCHIVED,12414,12414,414.214,414.214,1,0.1,1,0,,1,0.0,0.0,0.0,0.0
2983,Customer,ARCHIVED,12375,12426,412.913,414.614,13,1.3,2,1,,13,89.0,52.28,6635.93,-61.2
3003,Customer,ARCHIVED,12411,12450,414.114,415.415,14,1.4,1,0,,14,90.8,69.79,2333.26,47.5
2947,Customer,ARCHIVED,12318,12471,411.011,416.116,40,4.0,3,2,,40,85.9,16.82,1622.12,-26.8
2921,Customer,ARCHIVED,12273,12474,409.509,416.216,54,5.4,5,4,,54,637.0,94.98,3900.63,-20.7
3031,Customer,ARCHIVED,12462,12498,415.815,417.017,10,1.0,2,1,,10,60.9,50.68,3086.46,46.6
3060,Customer,ARCHIVED,12489,12519,416.716,417.717,11,1.1,1,0,,11,3.7,3.7,124.39,-97.2
3012,Customer,ARCHIVED,12438,12522,415.015,417.817,27,2.7,2,1,,27,122.2,43.61,1984.44,-28.7
2523,Staff,ARCHIVED,11052,12525,368.768,417.918,452,45.2,21,20,,452,1262.9,25.7,4803.7,4.4
3044,Customer,ARCHIVED,12474,12528,416.216,418.018,18,1.8,2,1,,18,225.5,125.18,4414.19,-43.7
3068,Customer,ARCHIVED,12537,12543,418.318,418.518,3,0.3,1,0,,3,5.7,28.7,491.85,85.7
3063,Customer,ARCHIVED,12492,12549,416.816,418.718,9,0.9,3,2,,9,74.4,39.14,3108.34,-49.5
3082,Customer,ARCHIVED,12552,12564,418.818,419.219,2,0.2,2,1,,2,48.0,119.78,4795.98,102.9
3030,Customer,ARCHIVED,12459,12576,415.715,419.619,32,3.2,3,2,,32,406.1,104.04,4970.54,-12.8
3084,Customer,ARCHIVED,12564,12603,419.219,420.52,9,0.9,2,1,,9,57.6,44.26,3024.23,-7.1
2968,Customer,ARCHIVED,12360,12624,412.412,421.221,69,6.9,4,3,,69,967.8,109.86,6079.72,-16.1
3107,Customer,ARCHIVED,12603,12624,420.52,421.221,8,0.8,1,0,,8,17.6,25.15,1031.38,-25.4
3124,Customer,ARCHIVED,12642,12645,421.821,421.921,2,0.2,1,0,,2,0.3,3.15,31.55,0.0
3131,Customer,ARCHIVED,12651,12672,422.122,422.822,8,0.8,1,0,,8,4.9,6.94,130.08,5.6
3135,Customer,ARCHIVED,12654,12705,422.222,423.923,10,1.0,4,3,,10,154.5,90.78,6234.28,26.5
3151,Customer,ARCHIVED,12681,12708,423.123,424.024,10,1.0,1,0,,10,38.3,42.55,649.64,118.4
3162,Customer,ARCHIVED,12720,12720,424.424,424.424,1,0.1,1,0,,1,0.0,0.0,0.0,0.0
3129,Customer,ARCHIVED,12645,12738,421.921,425.025,29,2.9,2,1,,29,94.8,30.53,1560.19,-11.1
2912,Customer,ARCHIVED,12267,12762,409.309,425.825,159,15.9,4,3,,159,82.7,5.01,244.41,-21.6
2927,Customer,ARCHIVED,12282,12762,409.809,425.825,161,16.1,1,0,,161,1363.4,85.13,7286.7,9.2
3184,Customer,ARCHIVED,12741,12777,425.125,426.326,12,1.2,2,1,,12,203.2,169.13,4405.8,36.9
3130,Staff,ARCHIVED,12645,12780,421.921,426.426,45,4.5,2,1,,45,80.8,17.94,847.87,17.4
3180,Customer,ARCHIVED,12735,12792,424.925,426.826,15,1.5,4,3,,15,514.0,270.28,6665.15,-30.9
3232,Customer,ARCHIVED,12810,12828,427.427,428.028,7,0.7,1,0,,7,50.5,84.07,2035.6,-22.3
3241,Customer,ARCHIVED,12831,12837,428.128,428.328,3,0.3,1,0,,3,4.3,21.72,413.23,82.1
3242,Customer,ARCHIVED,12840,12858,428.428,429.029,7,0.7,1,0,,7,61.0,101.52,3703.54,-28.5
3227,Customer,ARCHIVED,12810,12864,427.427,429.229,16,1.6,2,1,,16,3.9,2.16,107.51,151.0
3221,Customer,ARCHIVED,12795,12894,426.927,430.23,23,2.3,4,3,,23,632.5,191.49,16906.15,0.3
3258,Customer,ARCHIVED,12903,12906,430.53,430.63,2,0.2,1,0,,2,0.7,6.65,66.61,0.0
3220,Customer,ARCHIVED,12801,12909,427.127,430.73,34,3.4,3,2,,34,18.7,5.2,388.75,5.7
3061,Customer,ARCHIVED,12492,12948,416.816,432.032,136,13.6,6,5,,136,203.1,13.35,900.7,-1.7
3096,Customer,ARCHIVED,12594,12960,420.22,432.432,103,10.3,9,8,,103,81.8,6.7,410.67,18.4
3273,Customer,ARCHIVED,12975,12981,432.933,433.133,3,0.3,1,0,,3,17.2,85.74,903.0,164.0
3284,Customer,ARCHIVED,12999,12999,433.733,433.733,1,0.1,1,0,,1,0.0,0.0,0.0,0.0
3286,Customer,ARCHIVED,12996,13005,433.633,433.933,4,0.4,1,0,,4,2.8,9.32,194.4,-112.3
3298,Customer,ARCHIVED,13032,13032,434.834,434.834,1,0.1,1,0,,1,0.0,0.0,0.0,0.0
3304,Customer,ARCHIVED,13038,13038,435.035,435.035,1,0.1,1,0,,1,0.0,0.0,0.0,0.0
3254,Customer,ARCHIVED,12876,13062,429.629,435.835,58,5.8,3,2,,58,138.5,22.31,1283.59,-25.2
3288,Customer,ARCHIVED,13062,13068,435.835,436.036,3,0.3,1,0,,3,0.6,2.93,33.2,0.0
3264,Staff,ARCHIVED,12939,13074,431.731,436.236,46,4.6,1,0,,46,118.4,26.29,1151.51,2.8
3326,Customer,ARCHIVED,13089,13119,436.736,437.737,11,1.1,1,0,,11,4.3,4.34,199.61,-60.0
3203,Customer,ARCHIVED,12771,13158,426.126,439.039,130,13.0,1,0,,130,271.7,21.04,1123.19,32.5
3336,Customer,ARCHIVED,13149,13188,438.738,440.04,7,0.7,3,2,,7,37.6,28.88,1273.48,5.6
3333,Customer,ARCHIVED,13137,13227,438.338,441.341,21,2.1,3,2,,21,11.5,3.81,160.88,-48.8
3213,Staff,ARCHIVED,12792,13254,426.826,442.242,126,12.6,7,6,,126,238.8,15.49,1545.02,-19.8
3354,Customer,ARCHIVED,13257,13263,442.342,442.542,3,0.3,1,0,,3,2.1,10.6,145.47,-110.0
3348,Customer,ARCHIVED,13245,13281,441.942,443.143,9,0.9,2,1,,9,31.8,26.45,1125.1,-4.2
3369,Customer,ARCHIVED,13329,13341,444.744,445.145,5,0.5,1,0,,5,2.8,7.01,141.48,74.9
3191,Customer,ARCHIVED,12756,13353,425.625,445.545,171,17.1,10,9,,171,485.4,24.37,7914.85,21.1
3351,Customer,ARCHIVED,13248,13386,442.042,446.646,20,2.0,8,7,,20,148.0,32.15,3175.07,-9.1
3283,Customer,ARCHIVED,12990,13410,433.433,447.447,131,13.1,6,5,,131,301.1,21.49,3830.47,-4.4
3375,Customer,ARCHIVED,13389,13413,446.746,447.547,9,0.9,1,0,,9,21.0,26.21,683.01,8.1
3372,Customer,ARCHIVED,13383,13440,446.546,448.448,8,0.8,3,2,,8,6.1,3.2,155.59,18.4
3112,Customer,ARCHIVED,12612,13455,420.82,448.949,262,26.2,7,6,,262,615.9,21.89,3575.76,13.5
3410,Customer,ARCHIVED,13452,13467,448.848,449.349,4,0.4,2,1,,4,3.0,5.95,157.07,-1.7
3143,Customer,ARCHIVED,12669,13479,422.722,449.749,251,25.1,11,10,,251,321.6,11.9,822.57,15.5
3405,Customer,ARCHIVED,13437,13485,448.348,449.95,13,1.3,3,2,,13,449.8,280.84,6860.11,-63.9
3434,Customer,ARCHIVED,13494,13497,450.25,450.35,2,0.2,1,0,,2,1.6,15.82,158.39,144.7
3441,Customer,ARCHIVED,13497,13497,450.35,450.35,1,0.1,1,0,,1,0.0,0.0,0.0,0.0
3090,Customer,ARCHIVED,12609,13500,420.72,450.45,266,26.6,12,11,,266,1515.9,50.99,7536.42,10.9
3330,Customer,ARCHIVED,13101,13506,437.137,450.65,133,13.3,4,3,,133,1219.3,90.23,6823.09,6.3
3400,Customer,ARCHIVED,13515,13524,450.951,451.251,4,0.4,1,0,,4,64.6,215.28,3262.59,-35.5
3457,Customer,ARCHIVED,13545,13548,451.952,452.052,2,0.2,1,0,,2,2.9,28.93,289.56,96.5
3454,Customer,ARCHIVED,13536,13548,451.651,452.052,4,0.4,2,1,,4,50.3,125.56,3752.85,-76.1
3186,Customer,ARCHIVED,12750,13587,425.425,453.353,252,25.2,8,7,,252,676.6,24.23,10476.19,1.0
3414,Customer,ARCHIVED,13455,13620,448.949,454.454,55,5.5,2,1,,55,1008.7,183.21,4385.79,-65.5
3475,Customer,ARCHIVED,13617,13638,454.354,455.055,8,0.8,1,0,,8,15.6,22.23,916.4,-82.3
3470,Customer,ARCHIVED,13611,13668,454.154,456.056,13,1.3,3,2,,13,5.9,3.09,142.59,152.8
3181,Customer,ARCHIVED,12750,13695,425.425,456.957,272,27.2,13,12,,272,1194.7,37.89,6041.44,1.9
3487,Customer,ARCHIVED,13671,13773,456.156,459.559,27,2.7,2,1,,27,52.5,15.43,1007.52,-14.7
3461,Customer,ARCHIVED,13596,13776,453.653,459.659,45,4.5,7,6,,45,241.0,40.13,4868.14,12.4
3451,Customer,ARCHIVED,13524,13869,451.251,462.762,108,10.8,7,6,,108,1167.2,101.39,6245.29,-0.2
3522,Customer,ARCHIVED,13899,13911,463.763,464.164,4,0.4,2,1,,4,133.8,334.13,6656.94,-60.7
3510,Customer,ARCHIVED,13875,13932,462.963,464.864,10,1.0,2,1,,10,13.3,7.0,775.37,29.7
3525,Customer,ARCHIVED,13905,13938,463.964,465.065,11,1.1,2,1,,11,111.7,101.42,2872.74,-50.0
3504,Customer,ARCHIVED,13830,13956,461.461,465.665,43,4.3,1,0,,43,153.4,36.48,1747.18,15.0
3500,Customer,ARCHIVED,13818,14025,461.061,467.968,47,4.7,10,9,,47,109.8,15.9,1428.84,3.9
3555,Customer,ARCHIVED,13959,14031,465.765,468.168,7,0.7,4,3,,7,7.5,3.1,315.89,-50.1
3550,Customer,ARCHIVED,13947,14046,465.365,468.668,26,2.6,3,2,,26,17.7,5.37,351.76,-38.7
3557,Customer,ARCHIVED,13959,14070,465.765,469.469,35,3.5,3,2,,35,7.1,1.91,87.55,0.0
3478,Customer,ARCHIVED,13623,14082,454.554,469.869,147,14.7,4,3,,147,207.6,13.55,1265.04,-0.1
3568,Customer,ARCHIVED,14091,14133,470.17,471.571,11,1.1,2,1,,11,21.6,15.42,539.18,-10.5
3560,Customer,ARCHIVED,14028,14163,468.068,472.572,34,3.4,4,3,,34,21.6,4.8,715.02,73.5
3577,Customer,ARCHIVED,14133,14169,471.571,472.772,13,1.3,1,0,,13,1.2,0.98,21.66,0.0
3567,Customer,ARCHIVED,14079,14226,469.769,474.674,46,4.6,4,3,,46,17.5,3.56,170.96,-46.1
3561,Staff,ARCHIVED,14046,14241,468.668,475.175,63,6.3,3,2,,63,83.5,12.84,640.67,-8.4
3611,Customer,ARCHIVED,14244,14244,475.275,475.275,1,0.1,1,0,,1,0.0,0.0,0.0,0.0
3594,Customer,ARCHIVED,14184,14250,473.273,475.475,19,1.9,4,3,,19,30.8,13.96,457.4,19.9
3614,Customer,ARCHIVED,14247,14259,475.375,475.775,5,0.5,1,0,,5,10.1,25.15,434.5,79.9
3574,Customer,ARCHIVED,14130,14271,471.471,476.176,36,3.6,5,4,,36,11.8,2.52,133.95,165.2
3630,Customer,ARCHIVED,14322,14322,477.877,477.877,1,0.1,1,0,,1,0.0,0.0,0.0,0.0
3329,Customer,ARCHIVED,13101,14379,437.137,479.779,376,37.6,21,20,,376,699.8,16.41,3660.8,-2.3
3637,Customer,ARCHIVED,14370,14382,479.479,479.879,5,0.5,1,0,,5,22.0,55.05,736.41,-1.1
3604,Customer,ARCHIVED,14295,14400,476.976,480.48,32,3.2,2,1,,32,18.4,5.25,227.58,-25.4
3628,Customer,ARCHIVED,14403,14412,480.58,480.88,4,0.4,1,0,,4,4.4,14.64,261.3,116.1
3647,Customer,ARCHIVED,14451,14463,482.182,482.582,4,0.4,2,1,,4,1.4,3.41,76.06,0.0
3656,Customer,ARCHIVED,14439,14508,481.781,484.084,18,1.8,2,1,,18,10.6,4.62,397.87,169.6
3645,Customer,ARCHIVED,14382,14514,479.879,484.284,45,4.5,1,0,,45,77.8,17.66,951.73,36.2
3652,Customer,ARCHIVED,14409,14517,480.78,484.384,20,2.0,6,5,,20,11.4,3.16,271.76,156.2
3674,Customer,ARCHIVED,14481,14562,483.183,485.885,23,2.3,5,4,,23,694.5,256.95,9398.12,19.2
3704,Customer,ARCHIVED,14574,14574,486.286,486.286,1,0.1,1,0,,1,0.0,0.0,0.0,0.0
3702,Customer,ARCHIVED,14580,14616,486.486,487.687,10,1.0,2,1,,10,16.0,13.32,406.45,14.4
3668,Customer,ARCHIVED,14472,14646,482.882,488.688,36,3.6,9,8,,36,67.6,11.65,1290.1,23.6
3723,Customer,ARCHIVED,14691,14718,490.19,491.091,10,1.0,1,0,,10,8.6,9.53,197.11,-0.1
3728,Customer,ARCHIVED,14748,14754,492.092,492.292,3,0.3,1,0,,3,8.9,44.44,526.98,-90.6
3737,Customer,ARCHIVED,14787,14790,493.393,493.493,2,0.2,1,0,,2,6.2,61.84,618.99,-81.9
3619,Staff,ARCHIVED,14256,14796,475.675,493.693,175,17.5,7,6,,175,920.4,51.08,8633.61,9.8
3744,Customer,ARCHIVED,14805,14808,493.993,494.094,2,0.2,1,0,,2,23.1,230.89,2311.22,-136.1
3699,Customer,ARCHIVED,14565,14814,485.986,494.294,74,7.4,6,5,,74,57.5,6.92,384.77,-38.9
3748,Customer,ARCHIVED,14817,14820,494.394,494.494,2,0.2,1,0,,2,0.4,4.21,42.12,0.0
3730,Customer,ARCHIVED,14775,14985,492.993,500.0,69,6.9,3,2,,69,13.3,1.9,139.42,4.5
3770,Staff,ARCHIVED,14886,15024,496.696,501.301,47,4.7,1,0,,47,119.6,25.97,1265.8,8.1
3765,Customer,ARCHIVED,14859,15024,495.795,501.301,56,5.6,1,0,,56,75.1,13.65,822.44,14.1
3792,Customer,ARCHIVED,15027,15030,501.401,501.501,2,0.2,1,0,,2,4.4,44.18,442.23,89.9
3747,Staff,ARCHIVED,14811,15087,494.194,503.403,93,9.3,1,0,,93,284.0,30.83,6155.33,3.6
3035,Customer,ARCHIVED,12459,15090,415.715,503.503,855,85.5,6,5,,855,3081.6,35.1,9046.54,-0.1
3827,Customer,ARCHIVED,15162,15198,505.905,507.107,8,0.8,4,3,,8,3.2,2.65,139.91,-76.6
3785,Customer,ARCHIVED,14985,15201,500.0,507.207,55,5.5,6,5,,55,334.8,46.45,3894.1,29.7
3719,Customer,ARCHIVED,14661,15201,489.189,507.207,172,17.2,5,4,,172,169.8,9.42,709.45,1.7
3842,Customer,ARCHIVED,15234,15249,508.308,508.808,6,0.6,1,0,,6,1.1,2.18,44.43,0.0
3801,Staff,ARCHIVED,15057,15264,502.402,509.309,62,6.2,3,2,,62,97.1,14.05,2819.44,24.4
3868,Customer,ARCHIVED,15300,15354,510.51,512.312,16,1.6,2,1,,16,46.0,25.52,2580.82,26.7
3887,Customer,ARCHIVED,15318,15354,511.111,512.312,13,1.3,1,0,,13,52.6,43.78,1347.21,-30.7
3846,Customer,ARCHIVED,15222,15360,507.907,512.512,39,3.9,5,4,,39,168.3,36.55,3417.64,-0.5
3859,Customer,ARCHIVED,15279,15390,509.809,513.513,25,2.5,5,4,,25,44.5,12.03,1363.24,-82.9
3914,Customer,ARCHIVED,15486,15534,516.716,518.318,9,0.9,2,1,,9,21.5,13.42,856.06,2.5
3629,Customer,ARCHIVED,14313,15537,477.577,518.418,380,38.0,12,11,,380,768.2,18.81,2242.86,17.8
3951,Customer,ARCHIVED,15609,15609,520.82,520.82,1,0.1,1,0,,1,0.0,0.0,0.0,0.0
3956,Customer,ARCHIVED,15624,15627,521.321,521.421,2,0.2,1,0,,2,25.3,252.64,2528.92,91.3
1679,Staff,ARCHIVED,8829,15654,294.594,522.322,2251,225.1,10,9,,2251,5552.4,24.38,5437.78,1.5
3872,Customer,ARCHIVED,15297,15657,510.41,522.422,117,11.7,3,2,,117,813.6,67.73,2330.04,0.4
3416,Customer,ARCHIVED,13461,15723,449.149,524.624,740,74.0,10,9,,740,3096.6,41.03,7360.03,20.9
3960,Customer,ARCHIVED,15639,15753,521.821,525.625,33,3.3,3,2,,33,542.1,142.5,6770.57,13.0
4009,Customer,ARCHIVED,15726,15762,524.724,525.925,7,0.7,3,2,,7,130.6,108.75,9319.36,20.2
4019,Customer,ARCHIVED,15765,15774,526.025,526.326,4,0.4,1,0,,4,64.6,214.95,2439.55,126.3
3993,Customer,ARCHIVED,15687,15798,523.423,527.127,34,3.4,3,2,,34,169.6,45.78,4142.45,8.4
3998,Customer,ARCHIVED,15696,15798,523.723,527.127,30,3.0,4,3,,30,5.4,1.59,50.41,0.0
4032,Customer,ARCHIVED,15852,15858,528.928,529.129,3,0.3,1,0,,3,5.9,29.42,464.3,-98.7
4025,Customer,ARCHIVED,15804,15867,527.327,529.429,20,2.0,2,1,,20,221.3,105.3,6454.52,-4.5
4027,Customer,ARCHIVED,15873,15876,529.629,529.729,2,0.2,1,0,,2,4.4,43.68,437.24,-4.6
4021,Customer,ARCHIVED,15777,15930,526.426,531.531,34,3.4,6,5,,34,13.6,2.66,268.97,3.9
4024,Customer,ARCHIVED,15795,16032,527.027,534.934,62,6.2,7,6,,62,99.1,12.53,1140.83,-26.6
4040,Customer,ARCHIVED,15990,16071,533.533,536.236,28,2.8,1,0,,28,84.2,31.14,1428.36,43.5
4056,Customer,ARCHIVED,16173,16173,539.639,539.639,1,0.1,1,0,,1,0.0,0.0,0.0,0.0
4049,Customer,ARCHIVED,16074,16221,536.336,541.241,41,4.1,6,5,,41,89.7,18.28,1315.09,-40.3
3880,Staff,ARCHIVED,15309,16248,510.81,542.142,297,29.7,8,7,,297,499.8,15.95,5224.5,-7.5
4026,Customer,ARCHIVED,15822,16251,527.927,542.242,144,14.4,1,0,,144,176.2,12.31,3691.2,8.6
4035,Customer,ARCHIVED,15891,16269,530.23,542.842,124,12.4,3,2,,124,166.6,13.21,964.15,10.6
4074,Customer,ARCHIVED,16293,16326,543.643,544.744,5,0.5,3,2,,5,1.1,0.99,58.59,0.0
3912,Customer,ARCHIVED,15465,16425,516.015,548.048,292,29.2,12,11,,292,346.6,10.82,1147.26,-0.4
4102,Customer,ARCHIVED,16452,16476,548.948,549.749,9,0.9,1,0,,9,2.9,3.57,109.51,146.7
4107,Customer,ARCHIVED,16458,16485,549.149,550.049,10,1.0,1,0,,10,9.4,10.43,225.34,-77.3
4121,Customer,ARCHIVED,16518,16521,551.151,551.251,2,0.2,1,0,,2,1.5,15.2,152.19,-91.2
4114,Customer,ARCHIVED,16545,16545,552.052,552.052,1,0.1,1,0,,1,0.0,0.0,0.0,0.0
4083,Customer,ARCHIVED,16371,16581,546.246,553.253,71,7.1,1,0,,71,112.6,16.07,961.69,11.8
4128,Customer,ARCHIVED,16632,16644,554.954,555.355,5,0.5,1,0,,5,6.4,16.09,313.89,17.7
4111,Customer,ARCHIVED,16467,16671,549.449,556.256,51,5.1,4,3,,51,87.0,12.78,716.2,3.1
4066,Staff,ARCHIVED,16257,16764,542.442,559.359,161,16.1,6,5,,161,349.1,20.63,3673.72,3.8
4166,Customer,ARCHIVED,16788,16806,560.16,560.76,2,0.2,2,1,,2,5.8,9.58,575.57,-71.2
4149,Customer,ARCHIVED,16728,16827,558.158,561.461,25,2.5,4,3,,25,162.7,49.24,3021.25,4.6
4067,Customer,ARCHIVED,16257,16839,542.442,561.861,183,18.3,6,5,,183,424.9,21.88,3267.16,-6.8
3808,Customer,ARCHIVED,15090,16845,503.503,562.062,575,57.5,4,3,,575,1841.9,31.45,6785.25,1.9
4162,Customer,ARCHIVED,16809,16857,560.86,562.462,11,1.1,2,1,,11,16.3,10.17,820.36,-54.1
4183,Customer,ARCHIVED,16839,16857,561.861,562.462,7,0.7,1,0,,7,2.6,4.28,77.24,0.0
4126,Customer,ARCHIVED,16590,16860,553.553,562.562,59,5.9,9,8,,59,62.9,6.98,1169.86,62.3
4168,Customer,ARCHIVED,16794,16893,560.36,563.663,15,1.5,4,3,,15,44.8,13.56,951.68,3.1
4165,Customer,ARCHIVED,16794,16893,560.36,563.663,19,1.9,5,4,,19,20.4,6.16,484.86,-48.9
4160,Customer,ARCHIVED,16770,16923,559.559,564.664,38,3.8,5,4,,38,8.6,1.69,170.33,98.7
4192,Customer,ARCHIVED,16863,16932,562.662,564.964,10,1.0,3,2,,10,72.5,31.47,4259.39,77.3
4199,Customer,ARCHIVED,16896,16944,563.763,565.365,11,1.1,2,1,,11,35.0,21.86,692.23,-28.4
4233,Customer,ARCHIVED,17007,17010,567.467,567.567,2,0.2,1,0,,2,6.2,61.77,618.35,-178.7
4235,Customer,ARCHIVED,17013,17013,567.667,567.667,1,0.1,1,0,,1,0.0,0.0,0.0,0.0
4193,Customer,ARCHIVED,16866,17025,562.762,568.067,44,4.4,4,3,,44,42.2,7.95,524.37,32.5
4214,Customer,ARCHIVED,16950,17040,565.565,568.568,31,3.1,1,0,,31,50.7,16.88,1297.2,-27.7
4244,Customer,ARCHIVED,17079,17151,569.869,572.272,22,2.2,2,1,,22,18.7,7.78,417.36,53.7
4223,Customer,ARCHIVED,16995,17193,567.067,573.673,52,5.2,5,4,,52,221.8,33.57,4031.7,10.1
4256,Customer,ARCHIVED,17151,17235,572.272,575.075,14,1.4,5,4,,14,12.0,4.28,336.69,-11.9
4262,Customer,ARCHIVED,17232,17262,574.974,575.975,11,1.1,1,0,,11,47.2,47.15,1361.76,-18.9
4266,Customer,ARCHIVED,17268,17268,576.176,576.176,1,0.1,1,0,,1,0.0,0.0,0.0,0.0
4283,Customer,ARCHIVED,17376,17379,579.779,579.879,2,0.2,1,0,,2,1.8,17.87,178.9,-74.8
4259,Customer,ARCHIVED,17196,17487,573.773,583.483,98,9.8,1,0,,98,108.3,11.15,3961.62,8.5
4299,Customer,ARCHIVED,17499,17511,583.883,584.284,5,0.5,1,0,,5,11.6,28.9,441.55,23.1
4296,Customer,ARCHIVED,17439,17565,581.881,586.086,43,4.3,1,0,,43,79.5,18.9,816.32,9.2
4306,Customer,ARCHIVED,17580,17655,586.586,589.089,21,2.1,2,1,,21,28.2,11.28,340.08,-17.8
4293,Customer,ARCHIVED,17430,17670,581.581,589.589,75,7.5,3,2,,75,19.1,2.38,143.35,-28.2
4326,Customer,ARCHIVED,17721,17778,591.291,593.193,11,1.1,4,3,,11,31.6,16.6,1571.09,-81.4
